timestamp,symbol,f0,f1,f2,f3,f4,f5,f6,f7,f8,f9,mid_price,label
1778818099424881000,BTCUSDT,0.27573720,0.03000772,0.50000000,0.00000000,0.89090300,0.00000000,0.00030008,0.00000000,0.00000015,0.50000000,81079.14500000,0
1778818099525025000,BTCUSDT,0.99989635,0.00789282,1.00000000,0.00000570,0.99131703,0.00008585,0.00027057,0.00000000,0.00001666,0.50000000,81086.39000000,0
1778818099625831000,BTCUSDT,-0.67559946,0.00001233,0.96719038,0.00000645,0.16351686,0.00004463,0.00023452,0.00000000,0.00001664,0.50000000,81083.19500000,0
1778818099724630000,BTCUSDT,-0.63933289,0.00001233,0.96719038,0.00000655,0.22199461,0.00004288,0.00020326,0.00000000,0.00001107,0.50000000,81083.19500000,0
1778818099824513000,BTCUSDT,-0.63932472,0.00001233,0.96719038,0.00000623,0.22185311,0.00004119,0.00017618,0.00000000,0.00001107,0.50000000,81083.19500000,0
1778818099923833000,BTCUSDT,-0.63932472,0.00001233,0.96719038,0.00000565,0.22162169,0.00003958,0.00015271,0.00000000,0.00001107,0.50000000,81083.19500000,0
1778818100025007000,BTCUSDT,-0.63931906,0.00001233,0.96719038,0.00000491,0.20864984,0.00003803,0.00013236,0.00000000,0.00001107,0.50000000,81083.19500000,0
1778818100124473000,BTCUSDT,-0.63854015,0.00001233,0.96719038,0.00000412,0.20879725,0.00003653,0.00011473,0.00000000,0.00001110,0.50000000,81083.19500000,0
1778818100223878000,BTCUSDT,-0.63945150,0.00001233,0.96719038,0.00000331,0.20840532,0.00003510,0.00009945,0.00000000,0.00001106,0.50000000,81083.19500000,0
1778818100323620000,BTCUSDT,-0.63854015,0.00001233,0.96719038,0.00000253,0.20879725,0.00003373,0.00008621,0.00000000,0.00001110,0.50000000,81083.19500000,0
1778818100424961000,BTCUSDT,-0.63854015,0.00001233,0.96719038,0.00000181,0.20879725,0.00003240,0.00007473,0.00000000,0.00001110,0.50000000,81083.19500000,0
1778818100525171000,BTCUSDT,-0.63849682,0.00001233,0.96719038,0.00000115,0.20881954,0.00003113,0.00006478,0.00000000,0.00001110,0.50000000,81083.19500000,0
1778818100625127000,BTCUSDT,-0.62977570,0.00001233,0.96719038,0.00000057,0.21401648,0.00002991,0.00005616,0.00000000,0.00001133,0.50000000,81083.19500000,0
1778818100730754000,BTCUSDT,-0.62887490,0.00001233,0.96719038,0.00000007,0.21462123,0.00002874,0.00004869,0.00000000,0.00001137,0.50000000,81083.19500000,0
1778818100824002000,BTCUSDT,-0.62887490,0.00001233,0.96719038,-0.00000037,0.19580956,0.00002761,0.00004221,0.00000000,0.00001117,0.50000000,81083.19500000,0
1778818100924408000,BTCUSDT,-0.62977570,0.00001233,0.96719038,-0.00000073,0.19540407,0.00002653,0.00003660,0.00000000,0.00001114,0.50000000,81083.19500000,0
1778818101025400000,BTCUSDT,-0.62964332,0.00001233,0.96719038,-0.00000103,0.21429132,0.00002549,0.00003174,0.00000000,0.00001134,0.50000000,81083.19500000,0
1778818101123887000,BTCUSDT,-0.62977570,0.00001233,0.96719038,-0.00000127,0.21423450,0.00002449,0.00002752,0.00000000,0.00001133,0.50000000,81083.19500000,0
1778818101224594000,BTCUSDT,-0.62994176,0.00001233,0.96719038,-0.00000146,0.19576040,0.00002353,0.00002387,0.00000000,0.00001113,0.50000000,81083.19500000,0
1778818101323866000,BTCUSDT,-0.64875776,0.00001233,0.96719038,-0.00000160,0.16445164,0.00002261,0.00002070,0.00000000,0.00001239,0.50000000,81083.19500000,0
1778818101423680000,BTCUSDT,-0.64871740,0.00001233,0.96719038,-0.00000170,0.19276372,0.00002172,0.00001796,0.00000000,0.00001087,0.50000000,81083.19500000,0
1778818101526034000,BTCUSDT,-0.64871740,0.00001233,0.96719038,-0.00000177,0.17679311,0.00002087,0.00001558,0.00000000,0.00001239,0.50000000,81083.19500000,0
1778818101624487000,BTCUSDT,-0.64873755,0.00001233,0.96719038,-0.00000181,0.17678383,0.00002005,0.00001352,0.00000000,0.00001239,0.50000000,81083.19500000,0
1778818101725072000,BTCUSDT,-0.64873755,0.00001233,0.96719038,-0.00000182,0.17678383,0.00001926,0.00001173,0.00000000,0.00001239,0.50000000,81083.19500000,0
1778818101841860000,BTCUSDT,-0.98568940,0.00001233,0.96719038,-0.00000182,0.00736821,0.00001851,0.00001019,0.00000000,0.00000047,0.50000000,81083.19500000,0
1778818101927322000,BTCUSDT,-0.91813684,0.00001233,0.96719038,-0.00000180,0.03950580,0.00001778,0.00000884,0.00000000,0.00000279,0.50000000,81083.19500000,0
1778818102024953000,BTCUSDT,-0.91813135,0.00001233,0.96719038,-0.00000176,0.04215831,0.00001708,0.00000768,0.00000000,0.00000259,0.50000000,81083.19500000,0
1778818102124652000,BTCUSDT,-0.91813135,0.00001233,0.96719038,-0.00000172,0.04215831,0.00001641,0.00000667,0.00000000,0.00000259,0.50000000,81083.19500000,0
1778818102225581000,BTCUSDT,-0.91813135,0.00001233,0.96719038,-0.00000166,0.04215831,0.00001577,0.00000580,0.00000000,0.00000259,0.50000000,81083.19500000,0
1778818102324584000,BTCUSDT,-0.91802311,0.00001233,0.96719038,-0.00000160,0.05975367,0.00001515,0.00000504,0.00000000,0.00000127,0.50000000,81083.19500000,0
1778818102424859000,BTCUSDT,-0.44760558,0.00001233,0.96719038,-0.00000154,0.28424120,0.00001456,0.00000439,0.00000000,0.00002143,0.50000000,81083.19500000,0
1778818102524809000,BTCUSDT,-0.45375976,0.00001233,0.96719038,-0.00000147,0.28114450,0.00001399,0.00000382,0.00000000,0.00002145,0.50000000,81083.19500000,0
1778818102624866000,BTCUSDT,-0.45374444,0.00001233,0.96719038,-0.00000140,0.28116688,0.00001344,0.00000333,0.00000000,0.00002145,0.50000000,81083.19500000,0
1778818102724974000,BTCUSDT,-0.45532817,0.00001233,0.96719038,-0.00000133,0.27004728,0.00001291,0.00000290,0.00000000,0.00002232,0.50000000,81083.19500000,0
1778818102825589000,BTCUSDT,-0.45532817,0.00001233,0.96719038,-0.00000126,0.28321612,0.00001240,0.00000253,0.00000000,0.00002232,0.50000000,81083.19500000,0
1778818102924368000,BTCUSDT,-0.45526686,0.00001233,0.96719038,-0.00000120,0.28663665,0.00001192,0.00000221,0.00000000,0.00002040,0.50000000,81083.19500000,0
1778818103024420000,BTCUSDT,-0.45491973,0.00001233,0.96719038,-0.00000113,0.27278686,0.00001145,0.00000193,0.00000000,0.00002205,0.50000000,81083.19500000,0
1778818103124233000,BTCUSDT,-0.45472634,0.00001233,0.96719038,-0.00000106,0.27292019,0.00001100,0.00000169,0.00000000,0.00002205,0.50000000,81083.19500000,0
1778818103226051000,BTCUSDT,-0.45455503,0.00001233,0.96719038,-0.00000100,0.27179021,0.00001057,0.00000148,0.00000000,0.00002218,0.50000000,81083.19500000,0
1778818103324864000,BTCUSDT,-0.45458570,0.00001233,0.96719038,-0.00000094,0.27179021,0.00001016,0.00000130,0.00000000,0.00002218,0.50000000,81083.19500000,0
1778818103424172000,BTCUSDT,-0.45458570,0.00001233,0.96719038,-0.00000088,0.27179021,0.00000976,0.00000114,0.00000000,0.00002218,0.50000000,81083.19500000,0
1778818103525604000,BTCUSDT,-0.45488581,0.00001233,0.96719038,-0.00000083,0.27159280,0.00000938,0.00000101,0.00000000,0.00002232,0.50000000,81083.19500000,0
1778818103624462000,BTCUSDT,-0.46547365,0.00001233,0.96719038,-0.00000077,0.26635009,0.00000901,0.00000089,0.00000000,0.00002228,0.50000000,81083.19500000,0
1778818103723737000,BTCUSDT,-0.38715845,0.00001233,0.96719038,-0.00000072,0.30508953,0.00000865,0.00000079,0.00000000,0.00002536,0.50000000,81083.19500000,0
1778818103827148000,BTCUSDT,-0.38705510,0.00001233,0.96719038,-0.00000068,0.30514076,0.00000831,0.00000070,0.00000000,0.00002536,0.50000000,81083.19500000,0
1778818103924194000,BTCUSDT,-0.38705510,0.00001233,0.96719038,-0.00000063,0.30514076,0.00000799,0.00000062,0.00000000,0.00002536,0.50000000,81083.19500000,0
1778818104024476000,BTCUSDT,-0.38698274,0.00001233,0.96719038,-0.00000059,0.30519095,0.00000768,0.00000056,0.00000000,0.00002537,0.50000000,81083.19500000,0
1778818104124356000,BTCUSDT,-0.38698274,0.00001233,0.96719038,-0.00000055,0.30523193,0.00000737,0.00000050,0.00000000,0.00002521,0.50000000,81083.19500000,0
1778818104224717000,BTCUSDT,-0.38679406,0.00001233,0.96719038,-0.00000051,0.31198227,0.00000709,0.00000045,0.00000000,0.00002441,0.50000000,81083.19500000,0
1778818104324432000,BTCUSDT,-0.38049763,0.00001233,0.96719038,-0.00000048,0.31504279,0.00000681,0.00000040,0.00000000,0.00002478,0.50000000,81083.19500000,0
1778818104423633000,BTCUSDT,-0.38049763,0.00001233,0.96719038,-0.00000044,0.31504279,0.00000654,0.00000037,0.00000000,0.00002478,0.50000000,81083.19500000,0
1778818104523191000,BTCUSDT,-0.38049150,0.00001233,0.96719038,-0.00000041,0.31504580,0.00000628,0.00000033,0.00000000,0.00002478,0.50000000,81083.19500000,0
1778818104623765000,BTCUSDT,-0.38050583,0.00001233,0.96719038,-0.00000038,0.31505275,0.00000604,0.00000031,0.00000000,0.00002478,0.50000000,81083.19500000,0
1778818104724620000,BTCUSDT,-0.38050583,0.00001233,0.96719038,-0.00000036,0.31505275,0.00000580,0.00000028,0.00000000,0.00002478,0.50000000,81083.19500000,0
1778818104823845000,BTCUSDT,-0.38055089,0.00001233,0.96719038,-0.00000033,0.31501430,0.00000557,0.00000026,0.00000000,0.00002478,0.50000000,81083.19500000,0
1778818104924118000,BTCUSDT,-0.38051888,0.00001233,0.96719038,-0.00000031,0.31503853,0.00000535,0.00000024,0.00000000,0.00002478,0.50000000,81083.19500000,0
1778818105024397000,BTCUSDT,-0.39586034,0.00001233,0.96719038,-0.00000029,0.30022246,0.00000514,0.00000023,0.00000000,0.00002483,0.50000000,81083.19500000,0
1778818105124139000,BTCUSDT,-0.39583102,0.00001233,0.96719038,-0.00000027,0.30024844,0.00000494,0.00000021,0.00000000,0.00002483,0.50000000,81083.19500000,0
1778818105224621000,BTCUSDT,-0.39583102,0.00001233,0.96719038,-0.00000025,0.30024844,0.00000475,0.00000020,0.00000000,0.00002483,0.50000000,81083.19500000,0
1778818105324310000,BTCUSDT,-0.39583102,0.00001233,0.96719038,-0.00000023,0.30024844,0.00000456,0.00000019,0.00000000,0.00002483,0.50000000,81083.19500000,0
1778818105424062000,BTCUSDT,-0.39583737,0.00001233,0.96719038,-0.00000021,0.30024531,0.00000438,0.00000018,0.00000000,0.00002483,0.50000000,81083.19500000,0
1778818105524673000,BTCUSDT,-0.39652249,0.00001233,0.96719038,-0.00000020,0.29918379,0.00000421,0.00000017,0.00000000,0.00002479,0.50000000,81083.19500000,0
1778818105624899000,BTCUSDT,-0.39649314,0.00001233,0.96719038,-0.00000018,0.29919839,0.00000405,0.00000017,0.00000000,0.00002479,0.50000000,81083.19500000,0
1778818105725691000,BTCUSDT,-0.39649314,0.00001233,0.96719038,-0.00000017,0.29919839,0.00000389,0.00000016,0.00000000,0.00002479,0.50000000,81083.19500000,0
1778818105824634000,BTCUSDT,-0.39649314,0.00001233,0.96719038,-0.00000016,0.29919839,0.00000374,0.00000016,0.00000000,0.00002479,0.50000000,81083.19500000,0
1778818105923941000,BTCUSDT,-0.39648679,0.00001233,0.96719038,-0.00000015,0.30046973,0.00000359,0.00000015,0.00000000,0.00002464,0.50000000,81083.19500000,0
1778818106025220000,BTCUSDT,-0.39643404,0.00001233,0.96719038,-0.00000014,0.30050278,0.00000345,0.00000015,0.00000000,0.00002464,0.50000000,81083.19500000,0
1778818106125037000,BTCUSDT,-0.39667937,0.00001233,0.96719038,-0.00000013,0.30038124,0.00000331,0.00000014,0.00000000,0.00002462,0.50000000,81083.19500000,0
1778818106223971000,BTCUSDT,-0.39678425,0.00001233,0.96719038,-0.00000012,0.30033240,0.00000318,0.00000014,0.00000000,0.00002462,0.50000000,81083.19500000,0
1778818106324213000,BTCUSDT,-0.39678425,0.00001233,0.96719038,-0.00000011,0.30032513,0.00000306,0.00000014,0.00000000,0.00002462,0.50000000,81083.19500000,0
1778818106423714000,BTCUSDT,-0.39678425,0.00001233,0.96719038,-0.00000010,0.30032513,0.00000294,0.00000014,0.00000000,0.00002462,0.50000000,81083.19500000,0
1778818106524606000,BTCUSDT,-0.39678425,0.00001233,0.96719038,-0.00000009,0.30032513,0.00000282,0.00000014,0.00000000,0.00002462,0.50000000,81083.19500000,0
1778818106624641000,BTCUSDT,-0.39579889,0.00001233,0.96719038,-0.00000009,0.30081034,0.00000271,0.00000013,0.00000000,0.00002462,0.50000000,81083.19500000,0
1778818106724180000,BTCUSDT,-0.39579889,0.00001233,0.96719038,-0.00000008,0.30081034,0.00000261,0.00000013,0.00000000,0.00002462,0.50000000,81083.19500000,0
1778818106824347000,BTCUSDT,-0.39579889,0.00001233,0.96719038,-0.00000007,0.30081034,0.00000250,0.00000013,0.00000000,0.00002462,0.50000000,81083.19500000,0
1778818106923251000,BTCUSDT,-0.39579889,0.00001233,0.96719038,-0.00000007,0.30081034,0.00000241,0.00000013,0.00000000,0.00002462,0.50000000,81083.19500000,0
1778818107024022000,BTCUSDT,-0.39579889,0.00001233,0.96719038,-0.00000006,0.30081034,0.00000231,0.00000013,0.00000000,0.00002462,0.50000000,81083.19500000,0
1778818107123792000,BTCUSDT,-0.39579889,0.00001233,0.96719038,-0.00000006,0.30081034,0.00000222,0.00000013,0.00000000,0.00002462,0.50000000,81083.19500000,0
1778818107225136000,BTCUSDT,-0.38347811,0.00001233,0.96719038,-0.00000005,0.30691445,0.00000213,0.00000013,0.00000000,0.00002534,0.50000000,81083.19500000,0
1778818107323782000,BTCUSDT,-0.38347811,0.00001233,0.96719038,-0.00000005,0.30691445,0.00000205,0.00000013,0.00000000,0.00002534,0.50000000,81083.19500000,0
1778818107424434000,BTCUSDT,-0.38347811,0.00001233,0.96719038,-0.00000005,0.30691445,0.00000197,0.00000013,0.00000000,0.00002534,0.50000000,81083.19500000,0
1778818107524063000,BTCUSDT,-0.45595077,0.00001233,0.96719038,-0.00000004,0.27102259,0.00000189,0.00000013,0.00000000,0.00002122,0.50000000,81083.19500000,0
1778818107623912000,BTCUSDT,-0.45594224,0.00001233,0.96719038,-0.00000004,0.27102679,0.00000182,0.00000013,0.00000000,0.00002122,0.50000000,81083.19500000,0
1778818107723747000,BTCUSDT,-0.50528181,0.00001233,0.96719038,-0.00000004,0.24661486,0.00000175,0.00000013,0.00000000,0.00001865,0.50000000,81083.19500000,0
1778818107824951000,BTCUSDT,-0.50528181,0.00001233,0.96719038,-0.00000003,0.24515489,0.00000168,0.00000013,0.00000000,0.00001879,0.50000000,81083.19500000,0
1778818107923818000,BTCUSDT,-0.50528747,0.00001233,0.96719038,-0.00000003,0.24513516,0.00000161,0.00000012,0.00000000,0.00001880,0.50000000,81083.19500000,0
1778818108024307000,BTCUSDT,-0.50515091,0.00001233,0.96719038,-0.00000003,0.24520214,0.00000155,0.00000012,0.00000000,0.00001880,0.50000000,81083.19500000,0
1778818108124640000,BTCUSDT,-0.64748591,0.00001233,0.96719038,-0.00000003,0.17573628,0.00000149,0.00000012,0.00000000,0.00001223,0.50000000,81083.19500000,0
1778818108224644000,BTCUSDT,-0.64746541,0.00001233,0.96719038,-0.00000003,0.17573193,0.00000143,0.00000012,0.00000000,0.00001223,0.50000000,81083.19500000,0
1778818108325522000,BTCUSDT,-0.87492234,0.00001233,0.96719038,-0.00000002,0.05991795,0.00000137,0.00000012,0.00000000,0.00000382,0.50000000,81083.19500000,0
1778818108429466000,BTCUSDT,-0.87522495,0.00001233,0.96719038,-0.00000002,0.05977158,0.00000132,0.00000012,0.00000000,0.00000381,0.50000000,81083.19500000,0
1778818108525543000,BTCUSDT,-0.87512273,0.00001233,0.96719038,-0.00000002,0.05981717,0.00000127,0.00000012,0.00000000,0.00000381,0.50000000,81083.19500000,0
1778818108624096000,BTCUSDT,-0.87554705,0.00001233,0.96719038,-0.00000002,0.05961422,0.00000122,0.00000012,0.00000000,0.00000380,0.50000000,81083.19500000,0
1778818108724580000,BTCUSDT,-0.80537397,0.00001233,0.96719038,-0.00000002,0.09322567,0.00000117,0.00000012,0.00000000,0.00000616,0.50000000,81083.19500000,0
1778818108825361000,BTCUSDT,-0.80488628,0.00001233,0.96719038,-0.00000002,0.09358913,0.00000112,0.00000012,0.00000000,0.00000618,0.50000000,81083.19500000,0
1778818108924079000,BTCUSDT,-0.69062251,0.00001233,0.96719038,-0.00000001,0.14864857,0.00000108,0.00000012,0.00000000,0.00001046,0.50000000,81083.19500000,0
1778818109024740000,BTCUSDT,-0.80493551,0.00001233,0.96719038,-0.00000001,0.09357732,0.00000104,0.00000012,0.00000000,0.00000618,0.50000000,81083.19500000,0
1778818109126234000,BTCUSDT,-0.80498469,0.00001233,0.96719038,-0.00000001,0.09358576,0.00000100,0.00000012,0.00000000,0.00000617,0.50000000,81083.19500000,0
1778818109223924000,BTCUSDT,-0.80494899,0.00001233,0.96719038,-0.00000001,0.09360214,0.00000096,0.00000012,0.00000000,0.00000617,0.50000000,81083.19500000,0
1778818109325292000,BTCUSDT,-0.80478382,0.00001233,0.96719038,-0.00000001,0.09368149,0.00000092,0.00000012,0.00000000,0.00000618,0.50000000,81083.19500000,0
1778818109423433000,BTCUSDT,-0.80468547,0.00001233,0.96719038,-0.00000001,0.09374057,0.00000088,0.00000012,0.00000000,0.00000618,0.50000000,81083.19500000,0
1778818109524089000,BTCUSDT,-0.80468547,0.00001233,0.96719038,-0.00000001,0.09374057,0.00000085,0.00000012,0.00000000,0.00000618,0.50000000,81083.19500000,0
1778818109624992000,BTCUSDT,-0.80471003,0.00001233,0.96719038,-0.00000001,0.09372876,0.00000082,0.00000012,0.00000000,0.00000618,0.50000000,81083.19500000,0
1778818109726636000,BTCUSDT,-0.80557179,0.00001233,0.96719038,-0.00000001,0.09330897,0.00000078,0.00000012,0.00000000,0.00000617,0.50000000,81083.19500000,0
1778818109829023000,BTCUSDT,-0.80536342,0.00001233,0.96719038,-0.00000001,0.09338050,0.00000075,0.00000012,0.00000000,0.00000617,0.50000000,81083.19500000,0
1778818109924586000,BTCUSDT,-0.80536342,0.00001233,0.96719038,-0.00000001,0.09338050,0.00000072,0.00000012,0.00000000,0.00000617,0.50000000,81083.19500000,0
1778818110024266000,BTCUSDT,-0.80536342,0.00001233,0.96719038,-0.00000001,0.09339400,0.00000070,0.00000012,0.00000000,0.00000617,0.50000000,81083.19500000,0
1778818110125278000,BTCUSDT,-0.80630505,0.00001233,0.96719038,-0.00000001,0.09294159,0.00000067,0.00000012,0.00000000,0.00000613,0.50000000,81083.19500000,0
1778818110224839000,BTCUSDT,-0.80590445,0.00001233,0.96719038,-0.00000001,0.09312944,0.00000064,0.00000012,0.00000000,0.00000615,0.50000000,81083.19500000,0
1778818110324658000,BTCUSDT,-0.80577797,0.00001233,0.96719038,-0.00000001,0.09318296,0.00000062,0.00000012,0.00000000,0.00000615,0.50000000,81083.19500000,0
1778818110424123000,BTCUSDT,-0.80578703,0.00001233,0.96719038,-0.00000000,0.09317879,0.00000059,0.00000012,0.00000000,0.00000615,0.50000000,81083.19500000,0
1778818110524015000,BTCUSDT,-0.80466211,0.00001233,0.96719038,-0.00000000,0.09371921,0.00000057,0.00000012,0.00000000,0.00000618,0.50000000,81083.19500000,0
1778818110624545000,BTCUSDT,-0.80463749,0.00001233,0.96719038,-0.00000000,0.09373103,0.00000055,0.00000012,0.00000000,0.00000619,0.50000000,81083.19500000,0
1778818110724382000,BTCUSDT,-0.80461293,0.00001233,0.96719038,-0.00000000,0.09375466,0.00000053,0.00000012,0.00000000,0.00000619,0.50000000,81083.19500000,0
1778818110825859000,BTCUSDT,-0.80461293,0.00001233,0.96719038,-0.00000000,0.09375466,0.00000051,0.00000012,0.00000000,0.00000619,0.50000000,81083.19500000,0
1778818110924153000,BTCUSDT,-0.80573779,0.00001233,0.96719038,-0.00000000,0.09321427,0.00000049,0.00000012,0.00000000,0.00000615,0.50000000,81083.19500000,0
1778818111025334000,BTCUSDT,-0.80569124,0.00001233,0.96719038,-0.00000000,0.09323564,0.00000047,0.00000012,0.00000000,0.00000615,0.50000000,81083.19500000,0
1778818111124382000,BTCUSDT,-0.80569124,0.00001233,0.96719038,-0.00000000,0.09323564,0.00000045,0.00000012,0.00000000,0.00000615,0.50000000,81083.19500000,0
1778818111224844000,BTCUSDT,-0.80569124,0.00001233,0.96719038,-0.00000000,0.09323564,0.00000043,0.00000012,0.00000000,0.00000615,0.50000000,81083.19500000,0
1778818111324240000,BTCUSDT,-0.80569124,0.00001233,0.96719038,-0.00000000,0.09323564,0.00000041,0.00000012,0.00000000,0.00000615,0.50000000,81083.19500000,0
1778818111425027000,BTCUSDT,-0.80566663,0.00001233,0.96719038,-0.00000000,0.09324747,0.00000040,0.00000012,0.00000000,0.00000615,0.50000000,81083.19500000,0
1778818111524178000,BTCUSDT,-0.80561548,0.00001233,0.96719038,-0.00000000,0.09327041,0.00000038,0.00000012,0.00000000,0.00000615,0.50000000,81083.19500000,0
1778818111624322000,BTCUSDT,-0.80561548,0.00001233,0.96719038,-0.00000000,0.09327041,0.00000037,0.00000012,0.00000000,0.00000615,0.50000000,81083.19500000,0
1778818111727275000,BTCUSDT,-0.80448997,0.00001233,0.96719038,-0.00000000,0.09381109,0.00000035,0.00000012,0.00000000,0.00000619,0.50000000,81083.19500000,0
1778818111824103000,BTCUSDT,-0.80578095,0.00001233,0.96719038,-0.00000000,0.09319095,0.00000034,0.00000012,0.00000000,0.00000614,0.50000000,81083.19500000,0
1778818111924479000,BTCUSDT,-0.80594003,0.00001233,0.96719038,-0.00000000,0.09311949,0.00000033,0.00000012,0.00000000,0.00000614,0.50000000,81083.19500000,0
1778818112040514000,BTCUSDT,-0.80633301,0.00001233,0.96719038,-0.00000000,0.09293760,0.00000031,0.00000012,0.00000000,0.00000613,0.50000000,81083.19500000,0
1778818112140468000,BTCUSDT,-0.80633301,0.00001233,0.96719038,-0.00000000,0.09293760,0.00000030,0.00000012,0.00000000,0.00000613,0.50000000,81083.19500000,0
1778818112224135000,BTCUSDT,-0.87640935,0.00001233,0.96719038,-0.00000000,0.05932886,0.00000029,0.00000012,0.00000000,0.00000376,0.50000000,81083.19500000,0
1778818112325038000,BTCUSDT,-0.87640935,0.00001233,0.96719038,-0.00000000,0.05932886,0.00000028,0.00000012,0.00000000,0.00000376,0.50000000,81083.19500000,0
1778818112423844000,BTCUSDT,-0.87640935,0.00001233,0.96719038,-0.00000000,0.05930160,0.00000027,0.00000012,0.00000000,0.00000377,0.50000000,81083.19500000,0
1778818112524048000,BTCUSDT,-0.79893363,0.00001233,0.96719038,-0.00000000,0.09646779,0.00000026,0.00000012,0.00000000,0.00000639,0.50000000,81083.19500000,0
1778818112625226000,BTCUSDT,-0.79893363,0.00001233,0.96719038,-0.00000000,0.09646779,0.00000025,0.00000012,0.00000000,0.00000639,0.50000000,81083.19500000,0
1778818112724557000,BTCUSDT,-0.79893363,0.00001233,0.96719038,-0.00000000,0.09645604,0.00000024,0.00000012,0.00000000,0.00000639,0.50000000,81083.19500000,0
1778818112826440000,BTCUSDT,-0.79893363,0.00001233,0.96719038,-0.00000000,0.09645604,0.00000023,0.00000012,0.00000000,0.00000639,0.50000000,81083.19500000,0
1778818112929354000,BTCUSDT,-0.79891533,0.00001233,0.96719038,-0.00000000,0.09646446,0.00000022,0.00000012,0.00000000,0.00000639,0.50000000,81083.19500000,0
1778818113403393000,BTCUSDT,-0.79936457,0.00001233,0.96719038,-0.00000000,0.09627467,0.00000021,0.00000012,0.00000000,0.00000638,0.50000000,81083.19500000,0
1778818113403697000,BTCUSDT,-0.79936457,0.00001233,0.96719038,-0.00000000,0.09627467,0.00000020,0.00000012,0.00000000,0.00000638,0.50000000,81083.19500000,0
1778818113403909000,BTCUSDT,-0.79912376,0.00001233,0.96719038,-0.00000000,0.09639040,0.00000019,0.00000012,0.00000000,0.00000638,0.50000000,81083.19500000,0
1778818113404234000,BTCUSDT,-0.79979396,0.00001233,0.96719038,-0.00000000,0.09606831,0.00000019,0.00000012,0.00000000,0.00000636,0.50000000,81083.19500000,0
1778818113424649000,BTCUSDT,-0.79979396,0.00001233,0.96719038,-0.00000000,0.09606831,0.00000018,0.00000012,0.00000000,0.00000636,0.50000000,81083.19500000,0
1778818113524860000,BTCUSDT,-0.79957348,0.00001233,0.96719038,-0.00000000,0.09616328,0.00000017,0.00000012,0.00000000,0.00000636,0.50000000,81083.19500000,0
1778818113624413000,BTCUSDT,-0.79816943,0.00001233,0.96719038,-0.00000000,0.09684470,0.00000016,0.00000012,0.00000000,0.00000641,0.50000000,81083.19500000,0
1778818113724169000,BTCUSDT,-0.79816943,0.00001233,0.96719038,-0.00000000,0.09684470,0.00000016,0.00000012,0.00000000,0.00000641,0.50000000,81083.19500000,0
1778818113824046000,BTCUSDT,-0.79923522,0.00001233,0.96719038,-0.00000000,0.09635723,0.00000015,0.00000012,0.00000000,0.00000637,0.50000000,81083.19500000,0
1778818113925308000,BTCUSDT,-0.79923522,0.00001233,0.96719038,-0.00000000,0.09635723,0.00000015,0.00000012,0.00000000,0.00000637,0.50000000,81083.19500000,0
1778818114025960000,BTCUSDT,-0.79921079,0.00001233,0.96719038,-0.00000000,0.09638073,0.00000014,0.00000012,0.00000000,0.00000637,0.50000000,81083.19500000,0
1778818114124774000,BTCUSDT,-0.79921079,0.00001233,0.96719038,-0.00000000,0.09638073,0.00000013,0.00000012,0.00000000,0.00000637,0.50000000,81083.19500000,0
1778818114224535000,BTCUSDT,-0.79921079,0.00001233,0.96719038,-0.00000000,0.09638073,0.00000013,0.00000012,0.00000000,0.00000637,0.50000000,81083.19500000,0
1778818114324578000,BTCUSDT,-0.79921079,0.00001233,0.96719038,-0.00000000,0.09638073,0.00000012,0.00000012,0.00000000,0.00000637,0.50000000,81083.19500000,0
1778818114423985000,BTCUSDT,-0.79918635,0.00001233,0.96719038,-0.00000000,0.09639248,0.00000012,0.00000012,0.00000000,0.00000637,0.50000000,81083.19500000,0
1778818114524567000,BTCUSDT,-0.79939640,0.00001233,0.96719038,-0.00000000,0.09627808,0.00000012,0.00000012,0.00000000,0.00000637,0.50000000,81083.19500000,0
1778818114625338000,BTCUSDT,-0.79724896,0.00001233,0.96719038,-0.00000000,0.09728661,0.00000011,0.00000012,0.00000000,0.00000645,0.50000000,81083.19500000,0
1778818114725557000,BTCUSDT,-0.79724896,0.00001233,0.96719038,-0.00000000,0.09728661,0.00000011,0.00000012,0.00000000,0.00000645,0.50000000,81083.19500000,0
1778818114825032000,BTCUSDT,-0.79724896,0.00001233,0.96719038,-0.00000000,0.09728661,0.00000010,0.00000012,0.00000000,0.00000645,0.50000000,81083.19500000,0
1778818114927349000,BTCUSDT,-0.79724896,0.00001233,0.96719038,-0.00000000,0.09728661,0.00000010,0.00000012,0.00000000,0.00000645,0.50000000,81083.19500000,0
1778818115025576000,BTCUSDT,-0.79724896,0.00001233,0.96719038,-0.00000000,0.09716611,0.00000009,0.00000012,0.00000000,0.00000645,0.50000000,81083.19500000,0
1778818115124040000,BTCUSDT,-0.79724896,0.00001233,0.96719038,-0.00000000,0.09716611,0.00000009,0.00000012,0.00000000,0.00000645,0.50000000,81083.19500000,0
1778818115224577000,BTCUSDT,-0.79724228,0.00001233,0.96719038,-0.00000000,0.09716917,0.00000009,0.00000012,0.00000000,0.00000645,0.50000000,81083.19500000,0
1778818115324256000,BTCUSDT,-0.79724228,0.00001233,0.96719038,-0.00000000,0.09716917,0.00000008,0.00000012,0.00000000,0.00000645,0.50000000,81083.19500000,0
1778818115424338000,BTCUSDT,-0.79704386,0.00001233,0.96719038,-0.00000000,0.09726445,0.00000008,0.00000012,0.00000000,0.00000646,0.50000000,81083.19500000,0
1778818115523833000,BTCUSDT,-0.79704386,0.00001233,0.96719038,-0.00000000,0.09726445,0.00000008,0.00000012,0.00000000,0.00000646,0.50000000,81083.19500000,0
1778818115624260000,BTCUSDT,-0.79704386,0.00001233,0.96719038,-0.00000000,0.09726445,0.00000007,0.00000012,0.00000000,0.00000646,0.50000000,81083.19500000,0
1778818115723985000,BTCUSDT,-0.79704386,0.00001233,0.96719038,-0.00000000,0.09726445,0.00000007,0.00000012,0.00000000,0.00000646,0.50000000,81083.19500000,0
1778818115825334000,BTCUSDT,-0.80350709,0.00001233,0.96719038,-0.00000000,0.09415492,0.00000007,0.00000012,0.00000000,0.00000623,0.50000000,81083.19500000,0
1778818115925097000,BTCUSDT,-0.80951822,0.00001233,0.96719038,-0.00000000,0.09127653,0.00000007,0.00000012,0.00000000,0.00000603,0.50000000,81083.19500000,0
1778818116024494000,BTCUSDT,-0.80919433,0.00001233,0.96719038,-0.00000000,0.09405436,0.00000006,0.00000012,0.00000000,0.00000584,0.50000000,81083.19500000,0
1778818116124974000,BTCUSDT,-0.80919433,0.00001233,0.96719038,-0.00000000,0.09406615,0.00000006,0.00000012,0.00000000,0.00000584,0.50000000,81083.19500000,0
1778818116224381000,BTCUSDT,-0.70566511,0.00001233,0.96719038,-0.00000000,0.14356501,0.00000006,0.00000012,0.00000000,0.00000966,0.50000000,81083.19500000,0
1778818116324660000,BTCUSDT,-0.70562118,0.00001233,0.96719038,-0.00000000,0.14358608,0.00000006,0.00000012,0.00000000,0.00000966,0.50000000,81083.19500000,0
1778818116424262000,BTCUSDT,-0.70562118,0.00001233,0.96719038,-0.00000000,0.14358608,0.00000005,0.00000012,0.00000000,0.00000966,0.50000000,81083.19500000,0
1778818116524265000,BTCUSDT,-0.70569968,0.00001233,0.96719038,-0.00000000,0.14691210,0.00000005,0.00000012,0.00000000,0.00000986,0.50000000,81083.19500000,0
1778818116624335000,BTCUSDT,-0.70310158,0.00001233,0.96719038,-0.00000000,0.14802788,0.00000005,0.00000012,0.00000000,0.00000985,0.50000000,81083.19500000,0
1778818116724096000,BTCUSDT,-0.70310158,0.00001233,0.96719038,-0.00000000,0.14802788,0.00000005,0.00000012,0.00000000,0.00000985,0.50000000,81083.19500000,0
1778818116828530000,BTCUSDT,-0.70411456,0.00001233,0.96719038,-0.00000000,0.14752342,0.00000005,0.00000012,0.00000000,0.00000981,0.50000000,81083.19500000,0
1778818116924122000,BTCUSDT,-0.70310158,0.00001233,0.96719038,-0.00000000,0.14802788,0.00000004,0.00000012,0.00000000,0.00000985,0.50000000,81083.19500000,0
1778818117024497000,BTCUSDT,-0.70314586,0.00001233,0.96719038,-0.00000000,0.14800583,0.00000004,0.00000012,0.00000000,0.00000985,0.50000000,81083.19500000,0
1778818117127840000,BTCUSDT,-0.70313644,0.00001233,0.96719038,-0.00000000,0.14802939,0.00000004,0.00000012,0.00000000,0.00000985,0.50000000,81083.19500000,0
1778818117223998000,BTCUSDT,-0.70313644,0.00001233,0.96719038,-0.00000000,0.14802939,0.00000004,0.00000012,0.00000000,0.00000985,0.50000000,81083.19500000,0
1778818117324248000,BTCUSDT,-0.70309216,0.00001233,0.96719038,-0.00000000,0.14804986,0.00000004,0.00000012,0.00000000,0.00000985,0.50000000,81083.19500000,0
1778818117423754000,BTCUSDT,-0.70309216,0.00001233,0.96719038,-0.00000000,0.14804986,0.00000004,0.00000012,0.00000000,0.00000985,0.50000000,81083.19500000,0
1778818117525199000,BTCUSDT,-0.70311433,0.00001233,0.96719038,-0.00000000,0.14802781,0.00000003,0.00000012,0.00000000,0.00000985,0.50000000,81083.19500000,0
1778818117623658000,BTCUSDT,-0.70311433,0.00001233,0.96719038,-0.00000000,0.14802781,0.00000003,0.00000012,0.00000000,0.00000985,0.50000000,81083.19500000,0
1778818117762283000,BTCUSDT,-0.70329469,0.00001233,0.96719038,-0.00000000,0.14793798,0.00000003,0.00000012,0.00000000,0.00000985,0.50000000,81083.19500000,0
1778818117823513000,BTCUSDT,-0.70329469,0.00001233,0.96719038,-0.00000000,0.14793798,0.00000003,0.00000012,0.00000000,0.00000985,0.50000000,81083.19500000,0
1778818117923724000,BTCUSDT,-0.70329469,0.00001233,0.96719038,-0.00000000,0.14793798,0.00000003,0.00000012,0.00000000,0.00000985,0.50000000,81083.19500000,0
1778818118024766000,BTCUSDT,-0.70327252,0.00001233,0.96719038,-0.00000000,0.14796163,0.00000003,0.00000012,0.00000000,0.00000985,0.50000000,81083.19500000,0
1778818118124216000,BTCUSDT,-0.70363969,0.00001233,0.96719038,-0.00000000,0.14776619,0.00000003,0.00000012,0.00000000,0.00000983,0.50000000,81083.19500000,0
1778818118223555000,BTCUSDT,-0.70357323,0.00001233,0.96719038,-0.00000000,0.14781033,0.00000003,0.00000012,0.00000000,0.00000984,0.50000000,81083.19500000,0
1778818118324139000,BTCUSDT,-0.70357323,0.00001233,0.96719038,-0.00000000,0.14781033,0.00000003,0.00000012,0.00000000,0.00000984,0.50000000,81083.19500000,0
1778818118423862000,BTCUSDT,-0.70357323,0.00001233,0.96719038,-0.00000000,0.14781033,0.00000002,0.00000012,0.00000000,0.00000984,0.50000000,81083.19500000,0
1778818118524141000,BTCUSDT,-0.70357323,0.00001233,0.96719038,-0.00000000,0.14968993,0.00000002,0.00000012,0.00000000,0.00000984,0.50000000,81083.19500000,0
1778818118624732000,BTCUSDT,-0.70352888,0.00001233,0.96719038,-0.00000000,0.14971189,0.00000002,0.00000012,0.00000000,0.00000969,0.50000000,81083.19500000,0
1778818118724601000,BTCUSDT,-0.70352888,0.00001233,0.96719038,-0.00000000,0.14971189,0.00000002,0.00000012,0.00000000,0.00000969,0.50000000,81083.19500000,0
1778818118826568000,BTCUSDT,-0.70350671,0.00001233,0.96719038,-0.00000000,0.14973387,0.00000002,0.00000012,0.00000000,0.00000969,0.50000000,81083.19500000,0
1778818118925134000,BTCUSDT,-0.70350671,0.00001233,0.96719038,-0.00000000,0.14973387,0.00000002,0.00000012,0.00000000,0.00000969,0.50000000,81083.19500000,0
1778818119024841000,BTCUSDT,-0.70350671,0.00001233,0.96719038,-0.00000000,0.14975584,0.00000002,0.00000012,0.00000000,0.00000969,0.50000000,81083.19500000,0
1778818119124214000,BTCUSDT,-0.70356399,0.00001233,0.96719038,-0.00000000,0.14972764,0.00000002,0.00000012,0.00000000,0.00000969,0.50000000,81083.19500000,0
1778818119224191000,BTCUSDT,-0.70356399,0.00001233,0.96719038,-0.00000000,0.14972764,0.00000002,0.00000012,0.00000000,0.00000969,0.50000000,81083.19500000,0
1778818119324136000,BTCUSDT,-0.70354182,0.00001233,0.96719038,-0.00000000,0.14974962,0.00000002,0.00000012,0.00000000,0.00000969,0.50000000,81083.19500000,0
1778818119425455000,BTCUSDT,-0.70354182,0.00001233,0.96719038,-0.00000000,0.14974962,0.00000002,0.00000012,0.00000000,0.00000969,0.50000000,81083.19500000,0
1778818119524336000,BTCUSDT,-0.70354182,0.00001233,0.96719038,-0.00000000,0.14974962,0.00000002,0.00000012,0.00000000,0.00000969,0.50000000,81083.19500000,0
1778818119624613000,BTCUSDT,-0.70350325,0.00001233,0.96719038,-0.00000000,0.14976896,0.00000001,0.00000012,0.00000000,0.00000969,0.50000000,81083.19500000,0
1778818119724158000,BTCUSDT,-0.70350325,0.00001233,0.96719038,-0.00000000,0.14976896,0.00000001,0.00000012,0.00000000,0.00000969,0.50000000,81083.19500000,0
1778818119823685000,BTCUSDT,-0.70350325,0.00001233,0.96719038,-0.00000000,0.14976896,0.00000001,0.00000012,0.00000000,0.00000969,0.50000000,81083.19500000,0
1778818119925376000,BTCUSDT,-0.70350325,0.00001233,0.96719038,-0.00000000,0.14976896,0.00000001,0.00000012,0.00000000,0.00000969,0.50000000,81083.19500000,0
1778818120024998000,BTCUSDT,-0.70352542,0.00001233,0.96719038,-0.00000000,0.14975798,0.00000001,0.00000012,0.00000000,0.00000969,0.50000000,81083.19500000,0
1778818120124492000,BTCUSDT,-0.70352542,0.00001233,0.96719038,-0.00000000,0.14975798,0.00000001,0.00000012,0.00000000,0.00000969,0.50000000,81083.19500000,0
1778818120224200000,BTCUSDT,-0.70352542,0.00001233,0.96719038,-0.00000000,0.14975798,0.00000001,0.00000012,0.00000000,0.00000969,0.50000000,81083.19500000,0
1778818120324055000,BTCUSDT,-0.70352542,0.00001233,0.96719038,-0.00000000,0.14975798,0.00000001,0.00000012,0.00000000,0.00000969,0.50000000,81083.19500000,0
1778818120423881000,BTCUSDT,-0.70352542,0.00001233,0.96719038,-0.00000000,0.14975798,0.00000001,0.00000012,0.00000000,0.00000969,0.50000000,81083.19500000,0
1778818120524419000,BTCUSDT,-0.69857186,0.00001233,0.96719038,-0.00000000,0.15031503,0.00000001,0.00000012,0.00000000,0.00000984,0.50000000,81083.19500000,0
1778818120625100000,BTCUSDT,-0.70352542,0.00001233,0.96719038,-0.00000000,0.14784506,0.00000001,0.00000012,0.00000000,0.00000983,0.50000000,81083.19500000,0
1778818120724182000,BTCUSDT,-0.70352542,0.00001233,0.96719038,-0.00000000,0.14784506,0.00000001,0.00000012,0.00000000,0.00000983,0.50000000,81083.19500000,0
1778818120824061000,BTCUSDT,-0.70352155,0.00001233,0.96719038,-0.00000000,0.14975207,0.00000001,0.00000012,0.00000000,0.00000968,0.50000000,81083.19500000,0
1778818120924053000,BTCUSDT,-0.70352155,0.00001233,0.96719038,-0.00000000,0.14976306,0.00000001,0.00000012,0.00000000,0.00000968,0.50000000,81083.19500000,0
1778818121024451000,BTCUSDT,-0.70349938,0.00001233,0.96719038,-0.00000000,0.14978503,0.00000001,0.00000012,0.00000000,0.00000968,0.50000000,81083.19500000,0
1778818121124776000,BTCUSDT,-0.70349938,0.00001233,0.96719038,-0.00000000,0.14978503,0.00000001,0.00000012,0.00000000,0.00000968,0.50000000,81083.19500000,0
1778818121225128000,BTCUSDT,-0.51299822,0.00001233,0.96719038,-0.00000000,0.24127568,0.00000001,0.00000012,0.00000000,0.00001657,0.50000000,81083.19500000,0
1778818121330139000,BTCUSDT,0.81578159,0.00001233,0.96719038,-0.00000000,0.90936977,0.00000001,0.00000012,0.00000000,0.00003614,0.50000000,81083.19500000,0
1778818121427612000,BTCUSDT,0.81974173,0.00001233,0.96719038,-0.00000000,0.89927423,0.00000001,0.00000012,0.00000000,0.00003668,0.50000000,81083.19500000,0
1778818121524607000,BTCUSDT,0.81802714,0.00001233,0.96719038,-0.00000000,0.89842570,0.00000001,0.00000012,0.00000000,0.00003668,0.50000000,81083.19500000,0
1778818121625844000,BTCUSDT,0.81802714,0.00001233,0.96719038,-0.00000000,0.89842570,0.00000001,0.00000012,0.00000000,0.00003668,0.50000000,81083.19500000,0
1778818121728159000,BTCUSDT,0.81783074,0.00001233,0.96719038,-0.00000000,0.89831042,0.00000001,0.00000012,0.00000000,0.00003660,0.50000000,81083.19500000,0
1778818121826754000,BTCUSDT,0.81880879,0.00001233,0.96719038,-0.00000000,0.89859319,0.00000001,0.00000012,0.00000000,0.00003653,0.50000000,81083.19500000,0
1778818121928762000,BTCUSDT,0.81888109,0.00001233,0.96719038,-0.00000000,0.89862829,0.00000001,0.00000012,0.00000000,0.00003653,0.50000000,81083.19500000,0
1778818122027877000,BTCUSDT,0.81891441,0.00001233,0.96719038,-0.00000000,0.89862561,0.00000001,0.00000012,0.00000000,0.00003653,0.50000000,81083.19500000,0
1778818122134799000,BTCUSDT,0.81925482,0.00001233,0.96719038,-0.00000000,0.89879149,0.00000001,0.00000012,0.00000000,0.00003661,0.50000000,81083.19500000,0
1778818122225415000,BTCUSDT,0.81925482,0.00001233,0.96719038,-0.00000000,0.89879149,0.00000001,0.00000012,0.00000000,0.00003661,0.50000000,81083.19500000,0
1778818122324888000,BTCUSDT,0.82103300,0.00001233,0.96719038,-0.00000000,0.89965564,0.00000001,0.00000012,0.00000000,0.00003661,0.50000000,81083.19500000,0
1778818122425781000,BTCUSDT,0.82096523,0.00001233,0.96719038,-0.00000000,0.89961827,0.00000000,0.00000012,0.00000000,0.00003659,0.50000000,81083.19500000,0
1778818122525934000,BTCUSDT,0.82028109,0.00001233,0.96719038,-0.00000000,0.86473417,0.00000000,0.00000012,0.00000000,0.00003659,0.50000000,81083.19500000,0
1778818122626309000,BTCUSDT,0.80623853,0.00001233,0.96719038,-0.00000000,0.84043026,0.00000000,0.00000012,0.00000000,0.00003367,0.50000000,81083.19500000,0
1778818122725407000,BTCUSDT,0.80623853,0.00001233,0.96719038,-0.00000000,0.84083033,0.00000000,0.00000012,0.00000000,0.00003367,0.50000000,81083.19500000,0
1778818122828650000,BTCUSDT,0.80623853,0.00001233,0.96719038,-0.00000000,0.85433358,0.00000000,0.00000012,0.00000000,0.00003367,0.50000000,81083.19500000,0
1778818122925500000,BTCUSDT,0.80623853,0.00001233,0.96719038,-0.00000000,0.89157754,0.00000000,0.00000012,0.00000000,0.00003367,0.50000000,81083.19500000,0
1778818123025421000,BTCUSDT,0.80628014,0.00001233,0.96719038,-0.00000000,0.89161789,0.00000000,0.00000012,0.00000000,0.00003367,0.50000000,81083.19500000,0
1778818123125624000,BTCUSDT,0.80628014,0.00001233,0.96719038,-0.00000000,0.89161789,0.00000000,0.00000012,0.00000000,0.00003367,0.50000000,81083.19500000,0
1778818123227197000,BTCUSDT,0.80628014,0.00001233,0.96719038,-0.00000000,0.89161789,0.00000000,0.00000012,0.00000000,0.00003367,0.50000000,81083.19500000,0
1778818123330585000,BTCUSDT,0.80628014,0.00001233,0.96719038,-0.00000000,0.89161789,0.00000000,0.00000012,0.00000000,0.00003367,0.50000000,81083.19500000,0
1778818123423935000,BTCUSDT,0.80628014,0.00001233,0.96719038,-0.00000000,0.84812808,0.00000000,0.00000012,0.00000000,0.00003367,0.50000000,81083.19500000,0
1778818123529996000,BTCUSDT,-0.10137291,0.00001233,0.96719038,-0.00000000,0.42137370,0.00000000,0.00000012,0.00000000,0.00001851,0.50000000,81083.19500000,0
1778818123627605000,BTCUSDT,-0.16555358,0.00001233,0.96719038,-0.00000000,0.41139174,0.00000000,0.00000012,0.00000000,0.00001789,0.50000000,81083.19500000,0
1778818123724688000,BTCUSDT,-0.16578497,0.00001233,0.96719038,-0.00000000,0.41548634,0.00000000,0.00000012,0.00000000,0.00001789,0.50000000,81083.19500000,0
1778818123824545000,BTCUSDT,-0.16580175,0.00001233,0.96719038,-0.00000000,0.41542286,0.00000000,0.00000012,0.00000000,0.00001789,0.50000000,81083.19500000,0
1778818123926965000,BTCUSDT,-0.16564342,0.00001233,0.96719038,-0.00000000,0.41550136,0.00000000,0.00000012,0.00000000,0.00001789,0.50000000,81083.19500000,0
1778818124025194000,BTCUSDT,-0.16566023,0.00001233,0.96719038,-0.00000000,0.41548470,0.00000000,0.00000012,0.00000000,0.00001789,0.50000000,81083.19500000,0
1778818124127517000,BTCUSDT,-0.16564342,0.00001233,0.96719038,-0.00000000,0.42827296,0.00000000,0.00000012,0.00000000,0.00001789,0.50000000,81083.19500000,0
1778818124228166000,BTCUSDT,-0.16561997,0.00001233,0.96719038,-0.00000000,0.42830497,0.00000000,0.00000012,0.00000000,0.00001789,0.50000000,81083.19500000,0
1778818124326068000,BTCUSDT,-0.16531503,0.00001233,0.96719038,-0.00000000,0.42856902,0.00000000,0.00000012,0.00000000,0.00001694,0.50000000,81083.19500000,0
1778818124424524000,BTCUSDT,-0.16531503,0.00001233,0.96719038,-0.00000000,0.42856902,0.00000000,0.00000012,0.00000000,0.00001694,0.50000000,81083.19500000,0
1778818124525186000,BTCUSDT,-0.16535528,0.00001233,0.96719038,-0.00000000,0.42855224,0.00000000,0.00000012,0.00000000,0.00001694,0.50000000,81083.19500000,0
1778818124626605000,BTCUSDT,-0.16551611,0.00001233,0.96719038,-0.00000000,0.41569045,0.00000000,0.00000012,0.00000000,0.00001790,0.50000000,81083.19500000,0
1778818124726049000,BTCUSDT,-0.16547586,0.00001233,0.96719038,-0.00000000,0.41631189,0.00000000,0.00000012,0.00000000,0.00001790,0.50000000,81083.19500000,0
1778818124824106000,BTCUSDT,-0.16542307,0.00001233,0.96719038,-0.00000000,0.41489664,0.00000000,0.00000012,0.00000000,0.00001790,0.50000000,81083.19500000,0
1778818124925340000,BTCUSDT,-0.16543986,0.00001233,0.96719038,-0.00000000,0.41534519,0.00000000,0.00000012,0.00000000,0.00001790,0.50000000,81083.19500000,0
1778818125023894000,BTCUSDT,-0.16543986,0.00001233,0.96719038,-0.00000000,0.41534519,0.00000000,0.00000012,0.00000000,0.00001790,0.50000000,81083.19500000,0
1778818125125042000,BTCUSDT,-0.16543986,0.00001233,0.96719038,-0.00000000,0.41534519,0.00000000,0.00000012,0.00000000,0.00001790,0.50000000,81083.19500000,0
1778818125224888000,BTCUSDT,-0.13952094,0.00001233,0.96719038,-0.00000000,0.42824885,0.00000000,0.00000012,0.00000000,0.00001886,0.50000000,81083.19500000,0
1778818125324112000,BTCUSDT,-0.13952094,0.00001233,0.96719038,-0.00000000,0.42824885,0.00000000,0.00000012,0.00000000,0.00001886,0.50000000,81083.19500000,0
1778818125425294000,BTCUSDT,-0.16513796,0.00001233,0.96719038,-0.00000000,0.41549775,0.00000000,0.00000012,0.00000000,0.00001790,0.50000000,81083.19500000,0
1778818125524847000,BTCUSDT,-0.16292036,0.00001233,0.96719038,-0.00000000,0.41660139,0.00000000,0.00000012,0.00000000,0.00001798,0.50000000,81083.19500000,0
1778818125624765000,BTCUSDT,-0.16285692,0.00001233,0.96719038,-0.00000000,0.41663298,0.00000000,0.00000012,0.00000000,0.00001798,0.50000000,81083.19500000,0
1778818125724721000,BTCUSDT,-0.16285692,0.00001233,0.96719038,-0.00000000,0.41663298,0.00000000,0.00000012,0.00000000,0.00001798,0.50000000,81083.19500000,0
1778818125825285000,BTCUSDT,-0.16285692,0.00001233,0.96719038,-0.00000000,0.41663298,0.00000000,0.00000012,0.00000000,0.00001798,0.50000000,81083.19500000,0
1778818125925048000,BTCUSDT,-0.16288029,0.00001233,0.96719038,-0.00000000,0.41660970,0.00000000,0.00000012,0.00000000,0.00001798,0.50000000,81083.19500000,0
1778818126024636000,BTCUSDT,-0.16288029,0.00001233,0.96719038,-0.00000000,0.41660970,0.00000000,0.00000012,0.00000000,0.00001798,0.50000000,81083.19500000,0
1778818126128865000,BTCUSDT,-0.16288029,0.00001233,0.96719038,-0.00000000,0.41660970,0.00000000,0.00000012,0.00000000,0.00001798,0.50000000,81083.19500000,0
1778818126227796000,BTCUSDT,-0.16288029,0.00001233,0.96719038,-0.00000000,0.41660970,0.00000000,0.00000012,0.00000000,0.00001798,0.50000000,81083.19500000,0
1778818126327083000,BTCUSDT,-0.16290912,0.00001233,0.96719038,-0.00000000,0.41659546,0.00000000,0.00000012,0.00000000,0.00001798,0.50000000,81083.19500000,0
1778818126424348000,BTCUSDT,-0.16290912,0.00001233,0.96719038,-0.00000000,0.41659546,0.00000000,0.00000012,0.00000000,0.00001798,0.50000000,81083.19500000,0
1778818126524245000,BTCUSDT,-0.16290912,0.00001233,0.96719038,-0.00000000,0.41659546,0.00000000,0.00000012,0.00000000,0.00001798,0.50000000,81083.19500000,0
1778818126624086000,BTCUSDT,-0.16290912,0.00001233,0.96719038,-0.00000000,0.41659546,0.00000000,0.00000012,0.00000000,0.00001798,0.50000000,81083.19500000,0
1778818126723512000,BTCUSDT,-0.16290912,0.00001233,0.96719038,-0.00000000,0.41659546,0.00000000,0.00000012,0.00000000,0.00001798,0.50000000,81083.19500000,0
1778818126825112000,BTCUSDT,-0.16290912,0.00001233,0.96719038,-0.00000000,0.41659546,0.00000000,0.00000012,0.00000000,0.00001798,0.50000000,81083.19500000,0
1778818126924793000,BTCUSDT,-0.16290912,0.00001233,0.96719038,-0.00000000,0.41659546,0.00000000,0.00000012,0.00000000,0.00001798,0.50000000,81083.19500000,0
1778818127024222000,BTCUSDT,-0.16290912,0.00001233,0.96719038,-0.00000000,0.41659546,0.00000000,0.00000012,0.00000000,0.00001798,0.50000000,81083.19500000,0
1778818127135006000,BTCUSDT,-0.16290912,0.00001233,0.96719038,-0.00000000,0.41659546,0.00000000,0.00000012,0.00000000,0.00001798,0.50000000,81083.19500000,0
1778818127253453000,BTCUSDT,-0.16288576,0.00001233,0.96719038,-0.00000000,0.41661873,0.00000000,0.00000012,0.00000000,0.00001798,0.50000000,81083.19500000,0
1778818127324607000,BTCUSDT,-0.16288576,0.00001233,0.96719038,-0.00000000,0.41661873,0.00000000,0.00000012,0.00000000,0.00001798,0.50000000,81083.19500000,0
1778818127424698000,BTCUSDT,-0.16286239,0.00001233,0.96719038,-0.00000000,0.41664198,0.00000000,0.00000012,0.00000000,0.00001798,0.50000000,81083.19500000,0
1778818127526873000,BTCUSDT,-0.16319926,0.00001233,0.96719038,-0.00000000,0.41647747,0.00000000,0.00000012,0.00000000,0.00001797,0.50000000,81083.19500000,0
1778818127624402000,BTCUSDT,-0.15909533,0.00001233,0.96719038,-0.00000000,0.41851982,0.00000000,0.00000012,0.00000000,0.00001812,0.50000000,81083.19500000,0
1778818127724651000,BTCUSDT,-0.15909533,0.00001233,0.96719038,-0.00000000,0.41851982,0.00000000,0.00000012,0.00000000,0.00001812,0.50000000,81083.19500000,0
1778818127825608000,BTCUSDT,-0.15911855,0.00001233,0.96719038,-0.00000000,0.41850826,0.00000000,0.00000012,0.00000000,0.00001812,0.50000000,81083.19500000,0
1778818127924124000,BTCUSDT,-0.15914176,0.00001233,0.96719038,-0.00000000,0.41848516,0.00000000,0.00000012,0.00000000,0.00001812,0.50000000,81083.19500000,0
1778818128038360000,BTCUSDT,-0.15914176,0.00001233,0.96719038,-0.00000000,0.41848516,0.00000000,0.00000012,0.00000000,0.00001812,0.50000000,81083.19500000,0
1778818128124363000,BTCUSDT,-0.15914176,0.00001233,0.96719038,-0.00000000,0.41848516,0.00000000,0.00000012,0.00000000,0.00001812,0.50000000,81083.19500000,0
1778818128229669000,BTCUSDT,-0.15916498,0.00001233,0.96719038,-0.00000000,0.41848680,0.00000000,0.00000012,0.00000000,0.00001812,0.50000000,81083.19500000,0
1778818128323730000,BTCUSDT,-0.15899652,0.00001233,0.96719038,-0.00000000,0.41856998,0.00000000,0.00000012,0.00000000,0.00001812,0.50000000,81083.19500000,0
1778818128425233000,BTCUSDT,-0.15896763,0.00001233,0.96719038,-0.00000000,0.42060125,0.00000000,0.00000012,0.00000000,0.00001807,0.50000000,81083.19500000,0
1778818128523811000,BTCUSDT,-0.32391244,0.00001233,0.96719038,-0.00000000,0.33658728,0.00000000,0.00000012,0.00000000,0.00001271,0.50000000,81083.19500000,0
1778818128628123000,BTCUSDT,-0.76713759,0.00001233,0.96719038,-0.00000000,0.10972285,0.00000000,0.00000012,0.00000000,0.00000420,0.50000000,81083.19500000,0
1778818128726253000,BTCUSDT,-0.76854360,0.00001233,0.96719038,-0.00000000,0.10900386,0.00000000,0.00000012,0.00000000,0.00000419,0.50000000,81083.19500000,0
1778818128831890000,BTCUSDT,-0.76845938,0.00001233,0.96719038,-0.00000000,0.10904328,0.00000000,0.00000012,0.00000000,0.00000420,0.50000000,81083.19500000,0
1778818128924657000,BTCUSDT,-0.78103310,0.00001233,0.96719038,-0.00000000,0.10317634,0.00000000,0.00000012,0.00000000,0.00000395,0.50000000,81083.19500000,0
1778818129024493000,BTCUSDT,-0.78061390,0.00001233,0.96719038,-0.00000000,0.10321629,0.00000000,0.00000012,0.00000000,0.00000395,0.50000000,81083.19500000,0
1778818129124630000,BTCUSDT,-0.78048587,0.00001233,0.96719038,-0.00000000,0.10329378,0.00000000,0.00000012,0.00000000,0.00000395,0.50000000,81083.19500000,0
1778818129227208000,BTCUSDT,-0.78048587,0.00001233,0.96719038,-0.00000000,0.10329094,0.00000000,0.00000012,0.00000000,0.00000395,0.50000000,81083.19500000,0
1778818129327658000,BTCUSDT,-0.78048587,0.00001233,0.96719038,-0.00000000,0.10329094,0.00000000,0.00000012,0.00000000,0.00000395,0.50000000,81083.19500000,0
1778818129443825000,BTCUSDT,-0.78048587,0.00001233,0.96719038,-0.00000000,0.10329094,0.00000000,0.00000012,0.00000000,0.00000395,0.50000000,81083.19500000,0
1778818129524907000,BTCUSDT,-0.78040051,0.00001233,0.96719038,-0.00000000,0.10340774,0.00000000,0.00000012,0.00000000,0.00000395,0.50000000,81083.19500000,0
1778818129624300000,BTCUSDT,-0.78040051,0.00001233,0.96719038,-0.00000000,0.10340774,0.00000000,0.00000012,0.00000000,0.00000395,0.50000000,81083.19500000,0
1778818129724373000,BTCUSDT,-0.78040051,0.00001233,0.96719038,-0.00000000,0.10340774,0.00000000,0.00000012,0.00000000,0.00000395,0.50000000,81083.19500000,0
1778818129827500000,BTCUSDT,-0.78035784,0.00001233,0.96719038,-0.00000000,0.10342768,0.00000000,0.00000012,0.00000000,0.00000395,0.50000000,81083.19500000,0
1778818129924040000,BTCUSDT,-0.78035069,0.00001233,0.96719038,-0.00000000,0.10342592,0.00000000,0.00000012,0.00000000,0.00000395,0.50000000,81083.19500000,0
1778818130024271000,BTCUSDT,-0.78035069,0.00001233,0.96719038,-0.00000000,0.10342592,0.00000000,0.00000012,0.00000000,0.00000395,0.50000000,81083.19500000,0
1778818130125911000,BTCUSDT,-0.78014338,0.00001233,0.96719038,-0.00000000,0.10352279,0.00000000,0.00000012,0.00000000,0.00000396,0.50000000,81083.19500000,0
1778818130224238000,BTCUSDT,-0.78014338,0.00001233,0.96719038,-0.00000000,0.10352279,0.00000000,0.00000012,0.00000000,0.00000396,0.50000000,81083.19500000,0
1778818130324742000,BTCUSDT,-0.78014338,0.00001233,0.96719038,-0.00000000,0.10352279,0.00000000,0.00000012,0.00000000,0.00000396,0.50000000,81083.19500000,0
1778818130443487000,BTCUSDT,-0.77967852,0.00001233,0.96719038,-0.00000000,0.10373048,0.00000000,0.00000012,0.00000000,0.00000396,0.50000000,81083.19500000,0
1778818130545676000,BTCUSDT,-0.00727059,0.00001233,0.96719038,-0.00000000,0.49526769,0.00000000,0.00000012,0.00000000,0.00002340,0.50000000,81083.19500000,0
1778818130627220000,BTCUSDT,0.03982323,0.00001233,0.96719038,-0.00000000,0.52741480,0.00000000,0.00000012,0.00000000,0.00002475,0.50000000,81083.19500000,0
1778818130725847000,BTCUSDT,0.07331796,0.00001233,0.96719038,-0.00000000,0.53497690,0.00000000,0.00000012,0.00000000,0.00002664,0.50000000,81083.19500000,0
1778818130829528000,BTCUSDT,0.60352021,0.00001233,0.96719038,-0.00000000,0.80146068,0.00000000,0.00000012,0.00000000,0.00004041,0.50000000,81083.19500000,0
1778818130926796000,BTCUSDT,0.54645735,0.00001233,0.96719038,-0.00000000,0.77297002,0.00000000,0.00000012,0.00000000,0.00003599,0.50000000,81083.19500000,0
1778818131025681000,BTCUSDT,0.57973182,0.00001233,0.96719038,-0.00000000,0.78958124,0.00000000,0.00000012,0.00000000,0.00003740,0.50000000,81083.19500000,0
1778818131128273000,BTCUSDT,-0.16553362,0.00001233,0.96719038,-0.00000000,0.41276518,0.00000000,0.00000012,0.00000000,0.00001698,0.50000000,81083.19500000,0
1778818131229534000,BTCUSDT,-0.38601702,0.00001233,0.96719038,-0.00000000,0.29970804,0.00000000,0.00000012,0.00000000,0.00001191,0.50000000,81083.19500000,0
1778818131325338000,BTCUSDT,-0.44097674,0.00001233,0.96719038,-0.00000000,0.27274653,0.00000000,0.00000012,0.00000000,0.00001043,0.50000000,81083.19500000,0
1778818131424618000,BTCUSDT,-0.44097674,0.00001233,0.96719038,-0.00000000,0.27274653,0.00000000,0.00000012,0.00000000,0.00001043,0.50000000,81083.19500000,0
1778818131525903000,BTCUSDT,-0.44097674,0.00001233,0.96719038,-0.00000000,0.27208307,0.00000000,0.00000012,0.00000000,0.00001043,0.50000000,81083.19500000,0
1778818131624204000,BTCUSDT,-0.44243601,0.00001233,0.96719038,-0.00000000,0.27137366,0.00000000,0.00000012,0.00000000,0.00001039,0.50000000,81083.19500000,0
1778818131724424000,BTCUSDT,-0.44364139,0.00001233,0.96719038,-0.00000000,0.27080691,0.00000000,0.00000012,0.00000000,0.00001039,0.50000000,81083.19500000,0
1778818131849358000,BTCUSDT,-0.44364139,0.00001233,0.96719038,-0.00000000,0.27080691,0.00000000,0.00000012,0.00000000,0.00001039,0.50000000,81083.19500000,0
1778818131924661000,BTCUSDT,-0.44364139,0.00001233,0.96719038,-0.00000000,0.27080691,0.00000000,0.00000012,0.00000000,0.00001039,0.50000000,81083.19500000,0
1778818132024686000,BTCUSDT,-0.44130215,0.00001233,0.96719038,-0.00000000,0.27192655,0.00000000,0.00000012,0.00000000,0.00001039,0.50000000,81083.19500000,0
1778818132123814000,BTCUSDT,-0.44192356,0.00001233,0.96719038,-0.00000000,0.27162272,0.00000000,0.00000012,0.00000000,0.00001038,0.50000000,81083.19500000,0
1778818132226467000,BTCUSDT,-0.44192356,0.00001233,0.96719038,-0.00000000,0.27162272,0.00000000,0.00000012,0.00000000,0.00001038,0.50000000,81083.19500000,0
1778818132324241000,BTCUSDT,-0.61074650,0.00001233,0.96719038,-0.00000000,0.18940832,0.00000000,0.00000012,0.00000000,0.00000648,0.50000000,81083.19500000,0
1778818132425440000,BTCUSDT,-0.61074650,0.00001233,0.96719038,-0.00000000,0.18940832,0.00000000,0.00000012,0.00000000,0.00000648,0.50000000,81083.19500000,0
1778818132524741000,BTCUSDT,-0.61074650,0.00001233,0.96719038,-0.00000000,0.18940832,0.00000000,0.00000012,0.00000000,0.00000648,0.50000000,81083.19500000,0
1778818132625670000,BTCUSDT,-0.61065131,0.00001233,0.96719038,-0.00000000,0.18945299,0.00000000,0.00000012,0.00000000,0.00000648,0.50000000,81083.19500000,0
1778818132736401000,BTCUSDT,-0.61065131,0.00001233,0.96719038,-0.00000000,0.18945299,0.00000000,0.00000012,0.00000000,0.00000648,0.50000000,81083.19500000,0
1778818132829434000,BTCUSDT,-0.60874313,0.00001233,0.96719038,-0.00000000,0.19037895,0.00000000,0.00000012,0.00000000,0.00000652,0.50000000,81083.19500000,0
1778818132924378000,BTCUSDT,-0.60874313,0.00001233,0.96719038,-0.00000000,0.19037895,0.00000000,0.00000012,0.00000000,0.00000652,0.50000000,81083.19500000,0
1778818133029920000,BTCUSDT,-0.61069310,0.00001233,0.96719038,-0.00000000,0.18941243,0.00000000,0.00000012,0.00000000,0.00000648,0.50000000,81083.19500000,0
1778818133125095000,BTCUSDT,-0.61069310,0.00001233,0.96719038,-0.00000000,0.18941243,0.00000000,0.00000012,0.00000000,0.00000648,0.50000000,81083.19500000,0
1778818133245533000,BTCUSDT,-0.61069310,0.00001233,0.96719038,-0.00000000,0.18941243,0.00000000,0.00000012,0.00000000,0.00000648,0.50000000,81083.19500000,0
1778818133333400000,BTCUSDT,-0.76428360,0.00001233,0.96719038,-0.00000000,0.11513295,0.00000000,0.00000012,0.00000000,0.00000358,0.50000000,81083.19500000,0
1778818133423934000,BTCUSDT,-0.76428360,0.00001233,0.96719038,-0.00000000,0.11513295,0.00000000,0.00000012,0.00000000,0.00000358,0.50000000,81083.19500000,0
1778818133524543000,BTCUSDT,-0.76428360,0.00001233,0.96719038,-0.00000000,0.11510878,0.00000000,0.00000012,0.00000000,0.00000358,0.50000000,81083.19500000,0
1778818133625181000,BTCUSDT,-0.76428360,0.00001233,0.96719038,-0.00000000,0.11510878,0.00000000,0.00000012,0.00000000,0.00000358,0.50000000,81083.19500000,0
1778818133726240000,BTCUSDT,-0.76428360,0.00001233,0.96719038,-0.00000000,0.11510878,0.00000000,0.00000012,0.00000000,0.00000358,0.50000000,81083.19500000,0
1778818133824492000,BTCUSDT,-0.76428360,0.00001233,0.96719038,-0.00000000,0.11510878,0.00000000,0.00000012,0.00000000,0.00000358,0.50000000,81083.19500000,0
1778818133924328000,BTCUSDT,-0.76427501,0.00001233,0.96719038,-0.00000000,0.11511283,0.00000000,0.00000012,0.00000000,0.00000358,0.50000000,81083.19500000,0
1778818134024273000,BTCUSDT,-0.76198566,0.00001233,0.96719038,-0.00000000,0.11621635,0.00000000,0.00000012,0.00000000,0.00000362,0.50000000,81083.19500000,0
1778818134130045000,BTCUSDT,-0.76427501,0.00001233,0.96719038,-0.00000000,0.11511283,0.00000000,0.00000012,0.00000000,0.00000358,0.50000000,81083.19500000,0
1778818134225169000,BTCUSDT,-0.76427501,0.00001233,0.96719038,-0.00000000,0.11511283,0.00000000,0.00000012,0.00000000,0.00000358,0.50000000,81083.19500000,0
1778818134332879000,BTCUSDT,-0.76414478,0.00001233,0.96719038,-0.00000000,0.11517394,0.00000000,0.00000012,0.00000000,0.00000358,0.50000000,81083.19500000,0
1778818134426517000,BTCUSDT,-0.76443869,0.00001233,0.96719038,-0.00000000,0.11503229,0.00000000,0.00000012,0.00000000,0.00000357,0.50000000,81083.19500000,0
1778818134527348000,BTCUSDT,-0.76214749,0.00001233,0.96719038,-0.00000000,0.11613668,0.00000000,0.00000012,0.00000000,0.00000361,0.50000000,81083.19500000,0
1778818134625685000,BTCUSDT,-0.76310581,0.00001233,0.96719038,-0.00000000,0.11568083,0.00000000,0.00000012,0.00000000,0.00000357,0.50000000,81083.19500000,0
1778818134724998000,BTCUSDT,-0.76310581,0.00001233,0.96719038,-0.00000000,0.11568083,0.00000000,0.00000012,0.00000000,0.00000357,0.50000000,81083.19500000,0
1778818134823602000,BTCUSDT,-0.76310581,0.00001233,0.96719038,-0.00000000,0.11568083,0.00000000,0.00000012,0.00000000,0.00000357,0.50000000,81083.19500000,0
1778818134925258000,BTCUSDT,-0.76310581,0.00001233,0.96719038,-0.00000000,0.11568083,0.00000000,0.00000012,0.00000000,0.00000357,0.50000000,81083.19500000,0
1778818135026564000,BTCUSDT,-0.76324630,0.00001233,0.96719038,-0.00000000,0.11561164,0.00000000,0.00000012,0.00000000,0.00000357,0.50000000,81083.19500000,0
1778818135125734000,BTCUSDT,-0.76324630,0.00001233,0.96719038,-0.00000000,0.11561164,0.00000000,0.00000012,0.00000000,0.00000357,0.50000000,81083.19500000,0
1778818135225428000,BTCUSDT,-0.76324630,0.00001233,0.96719038,-0.00000000,0.11561164,0.00000000,0.00000012,0.00000000,0.00000357,0.50000000,81083.19500000,0
1778818135327038000,BTCUSDT,-0.76324630,0.00001233,0.96719038,-0.00000000,0.11561164,0.00000000,0.00000012,0.00000000,0.00000357,0.50000000,81083.19500000,0
1778818135425682000,BTCUSDT,-0.76680928,0.00001233,0.96719038,-0.00000000,0.11389489,0.00000000,0.00000012,0.00000000,0.00000351,0.50000000,81083.19500000,0
1778818135527176000,BTCUSDT,-0.76673687,0.00001233,0.96719038,-0.00000000,0.11392979,0.00000000,0.00000012,0.00000000,0.00000351,0.50000000,81083.19500000,0
1778818135637809000,BTCUSDT,-0.60963422,0.00001233,0.96719038,-0.00000000,0.18986490,0.00000000,0.00000012,0.00000000,0.00000645,0.50000000,81083.19500000,0
1778818135724206000,BTCUSDT,-0.60963422,0.00001233,0.96719038,-0.00000000,0.18986490,0.00000000,0.00000012,0.00000000,0.00000645,0.50000000,81083.19500000,0
1778818135823952000,BTCUSDT,-0.44141892,0.00001233,0.96719038,-0.00000000,0.27179095,0.00000000,0.00000012,0.00000000,0.00001030,0.50000000,81083.19500000,0
1778818135924280000,BTCUSDT,-0.44141892,0.00001233,0.96719038,-0.00000000,0.27179095,0.00000000,0.00000012,0.00000000,0.00001030,0.50000000,81083.19500000,0
1778818136024899000,BTCUSDT,-0.44141892,0.00001233,0.96719038,-0.00000000,0.27179095,0.00000000,0.00000012,0.00000000,0.00001030,0.50000000,81083.19500000,0
1778818136124676000,BTCUSDT,-0.44141892,0.00001233,0.96719038,-0.00000000,0.27179095,0.00000000,0.00000012,0.00000000,0.00001030,0.50000000,81083.19500000,0
1778818136225202000,BTCUSDT,-0.44141892,0.00001233,0.96719038,-0.00000000,0.27179095,0.00000000,0.00000012,0.00000000,0.00001030,0.50000000,81083.19500000,0
1778818136325403000,BTCUSDT,-0.44138518,0.00001233,0.96719038,-0.00000000,0.27182391,0.00000000,0.00000012,0.00000000,0.00001030,0.50000000,81083.19500000,0
1778818136424478000,BTCUSDT,-0.44138518,0.00001233,0.96719038,-0.00000000,0.27182391,0.00000000,0.00000012,0.00000000,0.00001030,0.50000000,81083.19500000,0
1778818136525162000,BTCUSDT,-0.44138518,0.00001233,0.96719038,-0.00000000,0.27182391,0.00000000,0.00000012,0.00000000,0.00001030,0.50000000,81083.19500000,0
1778818136629691000,BTCUSDT,-0.43307310,0.00001233,0.96719038,-0.00000000,0.27573460,0.00000000,0.00000012,0.00000000,0.00001030,0.50000000,81083.19500000,0
1778818136729816000,BTCUSDT,-0.60308307,0.00001233,0.96719038,-0.00000000,0.19299677,0.00000000,0.00000012,0.00000000,0.00000645,0.50000000,81083.19500000,0
1778818136829578000,BTCUSDT,-0.60308307,0.00001233,0.96719038,-0.00000000,0.19299677,0.00000000,0.00000012,0.00000000,0.00000645,0.50000000,81083.19500000,0
1778818136924455000,BTCUSDT,-0.60312569,0.00001233,0.96719038,-0.00000000,0.19295543,0.00000000,0.00000012,0.00000000,0.00000644,0.50000000,81083.19500000,0
1778818137034057000,BTCUSDT,-0.60312569,0.00001233,0.96719038,-0.00000000,0.19295543,0.00000000,0.00000012,0.00000000,0.00000644,0.50000000,81083.19500000,0
1778818137134323000,BTCUSDT,-0.60582674,0.00001233,0.96719038,-0.00000000,0.19164550,0.00000000,0.00000012,0.00000000,0.00000639,0.50000000,81083.19500000,0
1778818137223881000,BTCUSDT,-0.60387474,0.00001233,0.96719038,-0.00000000,0.19259216,0.00000000,0.00000012,0.00000000,0.00000643,0.50000000,81083.19500000,0
1778818137348990000,BTCUSDT,-0.60387474,0.00001233,0.96719038,-0.00000000,0.19259216,0.00000000,0.00000012,0.00000000,0.00000643,0.50000000,81083.19500000,0
1778818137424035000,BTCUSDT,-0.60387474,0.00001233,0.96719038,-0.00000000,0.19259216,0.00000000,0.00000012,0.00000000,0.00000643,0.50000000,81083.19500000,0
1778818137523819000,BTCUSDT,-0.60387474,0.00001233,0.96719038,-0.00000000,0.19259216,0.00000000,0.00000012,0.00000000,0.00000643,0.50000000,81083.19500000,0
1778818137624969000,BTCUSDT,-0.60387474,0.00001233,0.96719038,-0.00000000,0.19259216,0.00000000,0.00000012,0.00000000,0.00000643,0.50000000,81083.19500000,0
1778818137725038000,BTCUSDT,-0.60387474,0.00001233,0.96719038,-0.00000000,0.19259216,0.00000000,0.00000012,0.00000000,0.00000643,0.50000000,81083.19500000,0
1778818137824259000,BTCUSDT,-0.60387474,0.00001233,0.96719038,-0.00000000,0.19259216,0.00000000,0.00000012,0.00000000,0.00000643,0.50000000,81083.19500000,0
1778818137924037000,BTCUSDT,-0.60387474,0.00001233,0.96719038,-0.00000000,0.19259216,0.00000000,0.00000012,0.00000000,0.00000643,0.50000000,81083.19500000,0
1778818138025215000,BTCUSDT,-0.60387474,0.00001233,0.96719038,-0.00000000,0.19259216,0.00000000,0.00000012,0.00000000,0.00000643,0.50000000,81083.19500000,0
1778818138124735000,BTCUSDT,-0.60387474,0.00001233,0.96719038,-0.00000000,0.19259216,0.00000000,0.00000012,0.00000000,0.00000643,0.50000000,81083.19500000,0
1778818138227272000,BTCUSDT,-0.60387474,0.00001233,0.96719038,-0.00000000,0.19259216,0.00000000,0.00000012,0.00000000,0.00000643,0.50000000,81083.19500000,0
1778818138324556000,BTCUSDT,-0.60387474,0.00001233,0.96719038,-0.00000000,0.19259216,0.00000000,0.00000012,0.00000000,0.00000643,0.50000000,81083.19500000,0
1778818138424394000,BTCUSDT,-0.60387474,0.00001233,0.96719038,-0.00000000,0.19259216,0.00000000,0.00000012,0.00000000,0.00000643,0.50000000,81083.19500000,0
1778818138524333000,BTCUSDT,-0.60387474,0.00001233,0.96719038,-0.00000000,0.19259216,0.00000000,0.00000012,0.00000000,0.00000643,0.50000000,81083.19500000,0
1778818138629486000,BTCUSDT,-0.60662723,0.00001233,0.96719038,-0.00000000,0.19125733,0.00000000,0.00000012,0.00000000,0.00000637,0.50000000,81083.19500000,0
1778818138724315000,BTCUSDT,-0.60467327,0.00001233,0.96719038,-0.00000000,0.19220489,0.00000000,0.00000012,0.00000000,0.00000641,0.50000000,81083.19500000,0
1778818138824058000,BTCUSDT,-0.60467327,0.00001233,0.96719038,-0.00000000,0.19220489,0.00000000,0.00000012,0.00000000,0.00000641,0.50000000,81083.19500000,0
1778818138924178000,BTCUSDT,-0.60467327,0.00001233,0.96719038,-0.00000000,0.19220489,0.00000000,0.00000012,0.00000000,0.00000641,0.50000000,81083.19500000,0
1778818139024684000,BTCUSDT,-0.60466427,0.00001233,0.96719038,-0.00000000,0.19220911,0.00000000,0.00000012,0.00000000,0.00000641,0.50000000,81083.19500000,0
1778818139153925000,BTCUSDT,-0.60466427,0.00001233,0.96719038,-0.00000000,0.19220911,0.00000000,0.00000012,0.00000000,0.00000641,0.50000000,81083.19500000,0
1778818139224490000,BTCUSDT,-0.60661829,0.00001233,0.96719038,-0.00000000,0.19126154,0.00000000,0.00000012,0.00000000,0.00000637,0.50000000,81083.19500000,0
1778818139324151000,BTCUSDT,-0.60661829,0.00001233,0.96719038,-0.00000000,0.19126154,0.00000000,0.00000012,0.00000000,0.00000637,0.50000000,81083.19500000,0
1778818139427281000,BTCUSDT,-0.60661829,0.00001233,0.96719038,-0.00000000,0.19126154,0.00000000,0.00000012,0.00000000,0.00000637,0.50000000,81083.19500000,0
1778818139524479000,BTCUSDT,-0.60661829,0.00001233,0.96719038,-0.00000000,0.19126154,0.00000000,0.00000012,0.00000000,0.00000637,0.50000000,81083.19500000,0
1778818139626521000,BTCUSDT,-0.60666108,0.00001233,0.96719038,-0.00000000,0.19122003,0.00000000,0.00000012,0.00000000,0.00000637,0.50000000,81083.19500000,0
1778818139724974000,BTCUSDT,-0.60666108,0.00001233,0.96719038,-0.00000000,0.19122003,0.00000000,0.00000012,0.00000000,0.00000637,0.50000000,81083.19500000,0
1778818139825246000,BTCUSDT,-0.60666108,0.00001233,0.96719038,-0.00000000,0.19122003,0.00000000,0.00000012,0.00000000,0.00000637,0.50000000,81083.19500000,0
1778818139924586000,BTCUSDT,-0.60666108,0.00001233,0.96719038,-0.00000000,0.19122003,0.00000000,0.00000012,0.00000000,0.00000637,0.50000000,81083.19500000,0
1778818140032705000,BTCUSDT,-0.76224399,0.00001233,0.96719038,-0.00000000,0.11623426,0.00000000,0.00000012,0.00000000,0.00000382,0.50000000,81083.19500000,0
1778818140143350000,BTCUSDT,-0.64226794,0.00001233,0.96719038,-0.00000000,0.17430514,0.00000000,0.00000012,0.00000000,0.00000616,0.50000000,81083.19500000,0
1778818140224593000,BTCUSDT,-0.64230907,0.00001233,0.96719038,-0.00000000,0.17428517,0.00000000,0.00000012,0.00000000,0.00000616,0.50000000,81083.19500000,0
1778818140325410000,BTCUSDT,-0.63564169,0.00001233,0.96719038,-0.00000000,0.17752217,0.00000000,0.00000012,0.00000000,0.00000630,0.50000000,81083.19500000,0
1778818140425922000,BTCUSDT,-0.63560086,0.00001233,0.96719038,-0.00000000,0.17754199,0.00000000,0.00000012,0.00000000,0.00000630,0.50000000,81083.19500000,0
1778818140524582000,BTCUSDT,-0.63560086,0.00001233,0.96719038,-0.00000000,0.17754199,0.00000000,0.00000012,0.00000000,0.00000630,0.50000000,81083.19500000,0
1778818140625214000,BTCUSDT,-0.63560086,0.00001233,0.96719038,-0.00000000,0.17754199,0.00000000,0.00000012,0.00000000,0.00000630,0.50000000,81083.19500000,0
1778818140724469000,BTCUSDT,-0.66724676,0.00001233,0.96719038,-0.00000000,0.16218613,0.00000000,0.00000012,0.00000000,0.00000565,0.50000000,81083.19500000,0
1778818140826056000,BTCUSDT,-0.66724676,0.00001233,0.96719038,-0.00000000,0.16218613,0.00000000,0.00000012,0.00000000,0.00000565,0.50000000,81083.19500000,0
1778818140926927000,BTCUSDT,-0.67713594,0.00001233,0.96719038,-0.00000000,0.15739164,0.00000000,0.00000012,0.00000000,0.00000545,0.50000000,81083.19500000,0
1778818141025081000,BTCUSDT,-0.67713594,0.00001233,0.96719038,-0.00000000,0.15739164,0.00000000,0.00000012,0.00000000,0.00000545,0.50000000,81083.19500000,0
1778818141126340000,BTCUSDT,-0.49970424,0.00001233,0.96719038,-0.00000000,0.24373479,0.00000000,0.00000012,0.00000000,0.00000944,0.50000000,81083.19500000,0
1778818141224673000,BTCUSDT,-0.49733216,0.00001233,0.96719038,-0.00000000,0.24484463,0.00000000,0.00000012,0.00000000,0.00000945,0.50000000,81083.19500000,0
1778818141323993000,BTCUSDT,-0.49733216,0.00001233,0.96719038,-0.00000000,0.24484463,0.00000000,0.00000012,0.00000000,0.00000945,0.50000000,81083.19500000,0
1778818141425767000,BTCUSDT,-0.67496359,0.00001233,0.96719038,-0.00000000,0.15844548,0.00000000,0.00000012,0.00000000,0.00000546,0.50000000,81083.19500000,0
1778818141525414000,BTCUSDT,-0.68367571,0.00001233,0.96719038,-0.00000000,0.15420891,0.00000000,0.00000012,0.00000000,0.00000530,0.50000000,81083.19500000,0
1778818141627542000,BTCUSDT,-0.68367571,0.00001233,0.96719038,-0.00000000,0.15422994,0.00000000,0.00000012,0.00000000,0.00000530,0.50000000,81083.19500000,0
1778818141726745000,BTCUSDT,-0.68367571,0.00001233,0.96719038,-0.00000000,0.15422994,0.00000000,0.00000012,0.00000000,0.00000530,0.50000000,81083.19500000,0
1778818141846005000,BTCUSDT,-0.68371910,0.00001233,0.96719038,-0.00000000,0.15420891,0.00000000,0.00000012,0.00000000,0.00000530,0.50000000,81083.19500000,0
1778818141924213000,BTCUSDT,-0.68371910,0.00001233,0.96719038,-0.00000000,0.15420891,0.00000000,0.00000012,0.00000000,0.00000530,0.50000000,81083.19500000,0
1778818142024258000,BTCUSDT,-0.68371910,0.00001233,0.96719038,-0.00000000,0.15416986,0.00000000,0.00000012,0.00000000,0.00000530,0.50000000,81083.19500000,0
1778818142126798000,BTCUSDT,-0.68371910,0.00001233,0.96719038,-0.00000000,0.15416986,0.00000000,0.00000012,0.00000000,0.00000530,0.50000000,81083.19500000,0
1778818142228421000,BTCUSDT,-0.81063765,0.00001233,0.96719038,-0.00000000,0.09283459,0.00000000,0.00000012,0.00000000,0.00000295,0.50000000,81083.19500000,0
1778818142325761000,BTCUSDT,-0.81063765,0.00001233,0.96719038,-0.00000000,0.09283459,0.00000000,0.00000012,0.00000000,0.00000295,0.50000000,81083.19500000,0
1778818142434471000,BTCUSDT,-0.81063765,0.00001233,0.96719038,-0.00000000,0.09283459,0.00000000,0.00000012,0.00000000,0.00000295,0.50000000,81083.19500000,0
1778818142524146000,BTCUSDT,-0.81051582,0.00001233,0.96719038,-0.00000000,0.09293132,0.00000000,0.00000012,0.00000000,0.00000295,0.50000000,81083.19500000,0
1778818142637659000,BTCUSDT,-0.81051582,0.00001233,0.96719038,-0.00000000,0.09293132,0.00000000,0.00000012,0.00000000,0.00000295,0.50000000,81083.19500000,0
1778818142727514000,BTCUSDT,-0.81056601,0.00001233,0.96719038,-0.00000000,0.09290715,0.00000000,0.00000012,0.00000000,0.00000295,0.50000000,81083.19500000,0
1778818142824046000,BTCUSDT,-0.81056601,0.00001233,0.96719038,-0.00000000,0.09290715,0.00000000,0.00000012,0.00000000,0.00000295,0.50000000,81083.19500000,0
1778818142924343000,BTCUSDT,-0.81056601,0.00001233,0.96719038,-0.00000000,0.09290715,0.00000000,0.00000012,0.00000000,0.00000295,0.50000000,81083.19500000,0
1778818143024097000,BTCUSDT,-0.81048119,0.00001233,0.96719038,-0.00000000,0.09294714,0.00000000,0.00000012,0.00000000,0.00000295,0.50000000,81083.19500000,0
1778818143128665000,BTCUSDT,-0.84012592,0.00001233,0.96719038,-0.00000000,0.07885700,0.00000000,0.00000012,0.00000000,0.00000295,0.50000000,81083.19500000,0
1778818143227182000,BTCUSDT,-0.84022266,0.00001233,0.96719038,-0.00000000,0.07881020,0.00000000,0.00000012,0.00000000,0.00000295,0.50000000,81083.19500000,0
1778818143326370000,BTCUSDT,-0.84017962,0.00001233,0.96719038,-0.00000000,0.07883105,0.00000000,0.00000012,0.00000000,0.00000295,0.50000000,81083.19500000,0
1778818143429615000,BTCUSDT,-0.84017962,0.00001233,0.96719038,-0.00000000,0.07883105,0.00000000,0.00000012,0.00000000,0.00000295,0.50000000,81083.19500000,0
1778818143525489000,BTCUSDT,-0.84022266,0.00001233,0.96719038,-0.00000000,0.07881020,0.00000000,0.00000012,0.00000000,0.00000295,0.50000000,81083.19500000,0
1778818143624882000,BTCUSDT,-0.84026569,0.00001233,0.96719038,-0.00000000,0.07873572,0.00000000,0.00000012,0.00000000,0.00000295,0.50000000,81083.19500000,0
1778818143725317000,BTCUSDT,-0.84022045,0.00001233,0.96719038,-0.00000000,0.07875667,0.00000000,0.00000012,0.00000000,0.00000295,0.50000000,81083.19500000,0
1778818143823489000,BTCUSDT,-0.84022045,0.00001233,0.96719038,-0.00000000,0.07875667,0.00000000,0.00000012,0.00000000,0.00000295,0.50000000,81083.19500000,0
1778818143924845000,BTCUSDT,-0.84022045,0.00001233,0.96719038,-0.00000000,0.07875667,0.00000000,0.00000012,0.00000000,0.00000295,0.50000000,81083.19500000,0
1778818144024280000,BTCUSDT,-0.84013432,0.00001233,0.96719038,-0.00000000,0.07775974,0.00000000,0.00000012,0.00000000,0.00000295,0.50000000,81083.19500000,0
1778818144124676000,BTCUSDT,-0.84010547,0.00001233,0.96719038,-0.00000000,0.07711339,0.00000000,0.00000012,0.00000000,0.00000295,0.50000000,81083.19500000,0
1778818144227323000,BTCUSDT,-0.84014857,0.00001233,0.96719038,-0.00000000,0.07708916,0.00000000,0.00000012,0.00000000,0.00000295,0.50000000,81083.19500000,0
1778818144324277000,BTCUSDT,-0.84014857,0.00001233,0.96719038,-0.00000000,0.07708916,0.00000000,0.00000012,0.00000000,0.00000295,0.50000000,81083.19500000,0
1778818144423883000,BTCUSDT,-0.84014857,0.00001233,0.96719038,-0.00000000,0.07706840,0.00000000,0.00000012,0.00000000,0.00000295,0.50000000,81083.19500000,0
1778818144525144000,BTCUSDT,-0.84014857,0.00001233,0.96719038,-0.00000000,0.07706840,0.00000000,0.00000012,0.00000000,0.00000295,0.50000000,81083.19500000,0
1778818144625696000,BTCUSDT,-0.84014857,0.00001233,0.96719038,-0.00000000,0.07706840,0.00000000,0.00000012,0.00000000,0.00000295,0.50000000,81083.19500000,0
1778818144725656000,BTCUSDT,-0.84013361,0.00001233,0.96719038,-0.00000000,0.07707534,0.00000000,0.00000012,0.00000000,0.00000295,0.50000000,81083.19500000,0
1778818144825778000,BTCUSDT,-0.84009045,0.00001233,0.96719038,-0.00000000,0.07709610,0.00000000,0.00000012,0.00000000,0.00000295,0.50000000,81083.19500000,0
1778818144926523000,BTCUSDT,-0.84084815,0.00001233,0.96719038,-0.00000000,0.07673119,0.00000000,0.00000012,0.00000000,0.00000293,0.50000000,81083.19500000,0
1778818145023914000,BTCUSDT,-0.84070313,0.00001233,0.96719038,-0.00000000,0.07679834,0.00000000,0.00000012,0.00000000,0.00000293,0.50000000,81083.19500000,0
1778818145127970000,BTCUSDT,-0.84070313,0.00001233,0.96719038,-0.00000000,0.07679834,0.00000000,0.00000012,0.00000000,0.00000293,0.50000000,81083.19500000,0
1778818145225346000,BTCUSDT,-0.84070313,0.00001233,0.96719038,-0.00000000,0.07679834,0.00000000,0.00000012,0.00000000,0.00000293,0.50000000,81083.19500000,0
1778818145328861000,BTCUSDT,-0.84070313,0.00001233,0.96719038,-0.00000000,0.07679834,0.00000000,0.00000012,0.00000000,0.00000293,0.50000000,81083.19500000,0
1778818145427137000,BTCUSDT,-0.84070313,0.00001233,0.96719038,-0.00000000,0.07679834,0.00000000,0.00000012,0.00000000,0.00000293,0.50000000,81083.19500000,0
1778818145527324000,BTCUSDT,-0.84070313,0.00001233,0.96719038,-0.00000000,0.07679834,0.00000000,0.00000012,0.00000000,0.00000293,0.50000000,81083.19500000,0
1778818145638273000,BTCUSDT,-0.84070313,0.00001233,0.96719038,-0.00000000,0.07679834,0.00000000,0.00000012,0.00000000,0.00000293,0.50000000,81083.19500000,0
1778818145725233000,BTCUSDT,-0.84069830,0.00001233,0.96719038,-0.00000000,0.07680057,0.00000000,0.00000012,0.00000000,0.00000293,0.50000000,81083.19500000,0
1778818145823652000,BTCUSDT,-0.84069830,0.00001233,0.96719038,-0.00000000,0.07680057,0.00000000,0.00000012,0.00000000,0.00000293,0.50000000,81083.19500000,0
1778818145926555000,BTCUSDT,-0.84069830,0.00001233,0.96719038,-0.00000000,0.07680057,0.00000000,0.00000012,0.00000000,0.00000293,0.50000000,81083.19500000,0
1778818146024333000,BTCUSDT,-0.84069830,0.00001233,0.96719038,-0.00000000,0.07680057,0.00000000,0.00000012,0.00000000,0.00000293,0.50000000,81083.19500000,0
1778818146123817000,BTCUSDT,-0.84069830,0.00001233,0.96719038,-0.00000000,0.07680057,0.00000000,0.00000012,0.00000000,0.00000293,0.50000000,81083.19500000,0
1778818146225772000,BTCUSDT,-0.84069830,0.00001233,0.96719038,-0.00000000,0.07680057,0.00000000,0.00000012,0.00000000,0.00000293,0.50000000,81083.19500000,0
1778818146325537000,BTCUSDT,-0.84069830,0.00001233,0.96719038,-0.00000000,0.07680057,0.00000000,0.00000012,0.00000000,0.00000293,0.50000000,81083.19500000,0
1778818146424888000,BTCUSDT,-0.84069830,0.00001233,0.96719038,-0.00000000,0.07680057,0.00000000,0.00000012,0.00000000,0.00000293,0.50000000,81083.19500000,0
1778818146531352000,BTCUSDT,-0.84069830,0.00001233,0.96719038,-0.00000000,0.07680057,0.00000000,0.00000012,0.00000000,0.00000293,0.50000000,81083.19500000,0
1778818146624511000,BTCUSDT,-0.84351510,0.00001233,0.96719038,-0.00000000,0.07544409,0.00000000,0.00000012,0.00000000,0.00000287,0.50000000,81083.19500000,0
1778818146724157000,BTCUSDT,-0.84351510,0.00001233,0.96719038,-0.00000000,0.07544409,0.00000000,0.00000012,0.00000000,0.00000287,0.50000000,81083.19500000,0
1778818146828294000,BTCUSDT,-0.84351510,0.00001233,0.96719038,-0.00000000,0.07544409,0.00000000,0.00000012,0.00000000,0.00000287,0.50000000,81083.19500000,0
1778818146925192000,BTCUSDT,-0.84351981,0.00001233,0.96719038,-0.00000000,0.07544191,0.00000000,0.00000012,0.00000000,0.00000287,0.50000000,81083.19500000,0
1778818147026711000,BTCUSDT,-0.84351981,0.00001233,0.96719038,-0.00000000,0.07544191,0.00000000,0.00000012,0.00000000,0.00000287,0.50000000,81083.19500000,0
1778818147125837000,BTCUSDT,-0.85348916,0.00001233,0.96719038,-0.00000000,0.07081525,0.00000000,0.00000012,0.00000000,0.00000287,0.50000000,81083.19500000,0
1778818147230704000,BTCUSDT,-0.85348916,0.00001233,0.96719038,-0.00000000,0.07081525,0.00000000,0.00000012,0.00000000,0.00000287,0.50000000,81083.19500000,0
1778818147324359000,BTCUSDT,-0.85352993,0.00001233,0.96719038,-0.00000000,0.07079557,0.00000000,0.00000012,0.00000000,0.00000287,0.50000000,81083.19500000,0
1778818147424675000,BTCUSDT,-0.85352993,0.00001233,0.96719038,-0.00000000,0.07079557,0.00000000,0.00000012,0.00000000,0.00000287,0.50000000,81083.19500000,0
1778818147534341000,BTCUSDT,-0.84370840,0.00001233,0.96719038,-0.00000000,0.07535380,0.00000000,0.00000012,0.00000000,0.00000287,0.50000000,81083.19500000,0
1778818147626234000,BTCUSDT,-0.84370840,0.00001233,0.96719038,-0.00000000,0.07535380,0.00000000,0.00000012,0.00000000,0.00000287,0.50000000,81083.19500000,0
1778818147724565000,BTCUSDT,-0.84370840,0.00001233,0.96719038,-0.00000000,0.07535380,0.00000000,0.00000012,0.00000000,0.00000287,0.50000000,81083.19500000,0
1778818147827746000,BTCUSDT,-0.84370840,0.00001233,0.96719038,-0.00000000,0.07535380,0.00000000,0.00000012,0.00000000,0.00000287,0.50000000,81083.19500000,0
1778818147925004000,BTCUSDT,-0.84370840,0.00001233,0.96719038,-0.00000000,0.07535380,0.00000000,0.00000012,0.00000000,0.00000287,0.50000000,81083.19500000,0
1778818148023941000,BTCUSDT,-0.84370840,0.00001233,0.96719038,-0.00000000,0.07535380,0.00000000,0.00000012,0.00000000,0.00000287,0.50000000,81083.19500000,0
1778818148124853000,BTCUSDT,-0.84370840,0.00001233,0.96719038,-0.00000000,0.07535380,0.00000000,0.00000012,0.00000000,0.00000287,0.50000000,81083.19500000,0
1778818148225704000,BTCUSDT,-0.84370840,0.00001233,0.96719038,-0.00000000,0.07535380,0.00000000,0.00000012,0.00000000,0.00000287,0.50000000,81083.19500000,0
1778818148324904000,BTCUSDT,-0.84370840,0.00001233,0.96719038,-0.00000000,0.07535380,0.00000000,0.00000012,0.00000000,0.00000287,0.50000000,81083.19500000,0
1778818148424932000,BTCUSDT,-0.84370840,0.00001233,0.96719038,-0.00000000,0.07535380,0.00000000,0.00000012,0.00000000,0.00000287,0.50000000,81083.19500000,0
1778818148523892000,BTCUSDT,-0.84366512,0.00001233,0.96719038,-0.00000000,0.07537463,0.00000000,0.00000012,0.00000000,0.00000287,0.50000000,81083.19500000,0
1778818148625998000,BTCUSDT,-0.84334159,0.00001233,0.96719038,-0.00000000,0.07552440,0.00000000,0.00000012,0.00000000,0.00000287,0.50000000,81083.19500000,0
1778818148725047000,BTCUSDT,-0.84325492,0.00001233,0.96719038,-0.00000000,0.07558702,0.00000000,0.00000012,0.00000000,0.00000288,0.50000000,81083.19500000,0
1778818148828068000,BTCUSDT,-0.84325492,0.00001233,0.96719038,-0.00000000,0.07558702,0.00000000,0.00000012,0.00000000,0.00000288,0.50000000,81083.19500000,0
1778818148924251000,BTCUSDT,-0.84325492,0.00001233,0.96719038,-0.00000000,0.07558702,0.00000000,0.00000012,0.00000000,0.00000288,0.50000000,81083.19500000,0
1778818149024485000,BTCUSDT,-0.84325492,0.00001233,0.96719038,-0.00000000,0.07558702,0.00000000,0.00000012,0.00000000,0.00000288,0.50000000,81083.19500000,0
1778818149124572000,BTCUSDT,-0.84321153,0.00001233,0.96719038,-0.00000000,0.07560789,0.00000000,0.00000012,0.00000000,0.00000288,0.50000000,81083.19500000,0
1778818149224168000,BTCUSDT,-0.84321153,0.00001233,0.96719038,-0.00000000,0.07555526,0.00000000,0.00000012,0.00000000,0.00000288,0.50000000,81083.19500000,0
1778818149325244000,BTCUSDT,-0.84308153,0.00001233,0.96719038,-0.00000000,0.07563526,0.00000000,0.00000012,0.00000000,0.00000288,0.50000000,81083.19500000,0
1778818149424553000,BTCUSDT,-0.84308153,0.00001233,0.96719038,-0.00000000,0.07563526,0.00000000,0.00000012,0.00000000,0.00000288,0.50000000,81083.19500000,0
1778818149527126000,BTCUSDT,-0.84308153,0.00001233,0.96719038,-0.00000000,0.07563526,0.00000000,0.00000012,0.00000000,0.00000288,0.50000000,81083.19500000,0
1778818149624205000,BTCUSDT,-0.84358937,0.00001233,0.96719038,-0.00000000,0.07734101,0.00000000,0.00000012,0.00000000,0.00000287,0.50000000,81083.19500000,0
1778818149723867000,BTCUSDT,-0.84358937,0.00001233,0.96719038,-0.00000000,0.07734101,0.00000000,0.00000012,0.00000000,0.00000287,0.50000000,81083.19500000,0
1778818149824947000,BTCUSDT,-0.84403610,0.00001233,0.96719038,-0.00000000,0.07727998,0.00000000,0.00000012,0.00000000,0.00000287,0.50000000,81083.19500000,0
1778818149924223000,BTCUSDT,-0.84389651,0.00001233,0.96719038,-0.00000000,0.07539605,0.00000000,0.00000012,0.00000000,0.00000287,0.50000000,81083.19500000,0
1778818150024872000,BTCUSDT,-0.84357291,0.00001233,0.96719038,-0.00000000,0.07735136,0.00000000,0.00000012,0.00000000,0.00000287,0.50000000,81083.19500000,0
1778818150124350000,BTCUSDT,-0.84358025,0.00001233,0.96719038,-0.00000000,0.07734777,0.00000000,0.00000012,0.00000000,0.00000287,0.50000000,81083.19500000,0
1778818150223902000,BTCUSDT,-0.84358025,0.00001233,0.96719038,-0.00000000,0.07734777,0.00000000,0.00000012,0.00000000,0.00000287,0.50000000,81083.19500000,0
1778818150324031000,BTCUSDT,-0.84358025,0.00001233,0.96719038,-0.00000000,0.07734777,0.00000000,0.00000012,0.00000000,0.00000287,0.50000000,81083.19500000,0
1778818150424277000,BTCUSDT,-0.84358025,0.00001233,0.96719038,-0.00000000,0.07734777,0.00000000,0.00000012,0.00000000,0.00000287,0.50000000,81083.19500000,0
1778818150524064000,BTCUSDT,-0.84358025,0.00001233,0.96719038,-0.00000000,0.07734777,0.00000000,0.00000012,0.00000000,0.00000287,0.50000000,81083.19500000,0
1778818150626296000,BTCUSDT,-0.85126162,0.00001233,0.96719038,-0.00000000,0.07356452,0.00000000,0.00000012,0.00000000,0.00000271,0.50000000,81083.19500000,0
1778818150724471000,BTCUSDT,-0.85182405,0.00001233,0.96719038,-0.00000000,0.07328407,0.00000000,0.00000012,0.00000000,0.00000270,0.50000000,81083.19500000,0
1778818150823854000,BTCUSDT,-0.85263819,0.00001233,0.96719038,-0.00000000,0.07288314,0.00000000,0.00000012,0.00000000,0.00000269,0.50000000,81083.19500000,0
1778818150923764000,BTCUSDT,-0.84494871,0.00001233,0.96719038,-0.00000000,0.07667017,0.00000000,0.00000012,0.00000000,0.00000284,0.50000000,81083.19500000,0
1778818151025106000,BTCUSDT,-0.84494871,0.00001233,0.96719038,-0.00000000,0.07667017,0.00000000,0.00000012,0.00000000,0.00000284,0.50000000,81083.19500000,0
1778818151124382000,BTCUSDT,-0.84494871,0.00001233,0.96719038,-0.00000000,0.07667017,0.00000000,0.00000012,0.00000000,0.00000284,0.50000000,81083.19500000,0
1778818151224366000,BTCUSDT,-0.84499842,0.00001233,0.96719038,-0.00000000,0.07664569,0.00000000,0.00000012,0.00000000,0.00000284,0.50000000,81083.19500000,0
1778818151323641000,BTCUSDT,-0.84480554,0.00001233,0.96719038,-0.00000000,0.07673954,0.00000000,0.00000012,0.00000000,0.00000284,0.50000000,81083.19500000,0
1778818151427656000,BTCUSDT,-0.84480554,0.00001233,0.96719038,-0.00000000,0.07673954,0.00000000,0.00000012,0.00000000,0.00000284,0.50000000,81083.19500000,0
1778818151526253000,BTCUSDT,-0.84480554,0.00001233,0.96719038,-0.00000000,0.07673954,0.00000000,0.00000012,0.00000000,0.00000284,0.50000000,81083.19500000,0
1778818151625208000,BTCUSDT,-0.84480554,0.00001233,0.96719038,-0.00000000,0.07673954,0.00000000,0.00000012,0.00000000,0.00000284,0.50000000,81083.19500000,0
1778818151724279000,BTCUSDT,-0.84480554,0.00001233,0.96719038,-0.00000000,0.07673954,0.00000000,0.00000012,0.00000000,0.00000284,0.50000000,81083.19500000,0
1778818151826330000,BTCUSDT,-0.72792912,0.00001233,0.96719038,-0.00000000,0.13436052,0.00000000,0.00000012,0.00000000,0.00000530,0.50000000,81083.19500000,0
1778818151924576000,BTCUSDT,-0.84476936,0.00001233,0.96719038,-0.00000000,0.07691464,0.00000000,0.00000012,0.00000000,0.00000284,0.50000000,81083.19500000,0
1778818152030233000,BTCUSDT,-0.62588322,0.00001233,0.96719038,-0.00000000,0.18460596,0.00000000,0.00000012,0.00000000,0.00000722,0.50000000,81083.19500000,0
1778818152146138000,BTCUSDT,-0.31852266,0.00001233,0.96719038,-0.00000000,0.33739877,0.00000000,0.00000012,0.00000000,0.00001622,0.50000000,81083.19500000,0
1778818152229182000,BTCUSDT,-0.01151932,0.00001233,0.96719038,-0.00000000,0.50386882,0.00000000,0.00000012,0.00000000,0.00002616,0.50000000,81083.19500000,0
1778818152325350000,BTCUSDT,-0.01123936,0.00001233,0.96719038,-0.00000000,0.48989117,0.00000000,0.00000012,0.00000000,0.00002617,0.50000000,81083.19500000,0
1778818152424800000,BTCUSDT,0.01107090,0.00001233,0.96719038,-0.00000000,0.50002003,0.00000000,0.00000012,0.00000000,0.00002617,0.50000000,81083.19500000,0
1778818152526249000,BTCUSDT,-0.05691015,0.00001233,0.96719038,-0.00000000,0.46607405,0.00000000,0.00000012,0.00000000,0.00002284,0.50000000,81083.19500000,0
1778818152629106000,BTCUSDT,-0.03632624,0.00001233,0.96719038,-0.00000000,0.49879625,0.00000000,0.00000012,0.00000000,0.00002156,0.50000000,81083.19500000,0
1778818152725301000,BTCUSDT,-0.03634308,0.00001233,0.96719038,-0.00000000,0.47635874,0.00000000,0.00000012,0.00000000,0.00002380,0.50000000,81083.19500000,0
1778818152824488000,BTCUSDT,-0.03630940,0.00001233,0.96719038,-0.00000000,0.47635710,0.00000000,0.00000012,0.00000000,0.00002380,0.50000000,81083.19500000,0
1778818152923869000,BTCUSDT,-0.03632751,0.00001233,0.96719038,-0.00000000,0.47633904,0.00000000,0.00000012,0.00000000,0.00002380,0.50000000,81083.19500000,0
1778818153028310000,BTCUSDT,-0.03631067,0.00001233,0.96719038,-0.00000000,0.47634724,0.00000000,0.00000012,0.00000000,0.00002380,0.50000000,81083.19500000,0
1778818153124166000,BTCUSDT,-0.03631067,0.00001233,0.96719038,-0.00000000,0.47634724,0.00000000,0.00000012,0.00000000,0.00002380,0.50000000,81083.19500000,0
1778818153232877000,BTCUSDT,-0.03629383,0.00001233,0.96719038,-0.00000000,0.47635546,0.00000000,0.00000012,0.00000000,0.00002380,0.50000000,81083.19500000,0
1778818153332543000,BTCUSDT,-0.03629383,0.00001233,0.96719038,-0.00000000,0.47635546,0.00000000,0.00000012,0.00000000,0.00002380,0.50000000,81083.19500000,0
1778818153424902000,BTCUSDT,-0.03627698,0.00001233,0.96719038,-0.00000000,0.47636369,0.00000000,0.00000012,0.00000000,0.00002380,0.50000000,81083.19500000,0
1778818153527151000,BTCUSDT,-0.05703342,0.00001233,0.96719038,-0.00000000,0.46622574,0.00000000,0.00000012,0.00000000,0.00002380,0.50000000,81083.19500000,0
1778818153624459000,BTCUSDT,-0.05701730,0.00001233,0.96719038,-0.00000000,0.46624151,0.00000000,0.00000012,0.00000000,0.00002380,0.50000000,81083.19500000,0
1778818153725127000,BTCUSDT,-0.05701730,0.00001233,0.96719038,-0.00000000,0.46624151,0.00000000,0.00000012,0.00000000,0.00002380,0.50000000,81083.19500000,0
1778818153825774000,BTCUSDT,-0.05701730,0.00001233,0.96719038,-0.00000000,0.46624151,0.00000000,0.00000012,0.00000000,0.00002380,0.50000000,81083.19500000,0
1778818153924122000,BTCUSDT,-0.05701730,0.00001233,0.96719038,-0.00000000,0.46624151,0.00000000,0.00000012,0.00000000,0.00002380,0.50000000,81083.19500000,0
1778818154024141000,BTCUSDT,-0.05701730,0.00001233,0.96719038,-0.00000000,0.46624151,0.00000000,0.00000012,0.00000000,0.00002380,0.50000000,81083.19500000,0
1778818154128197000,BTCUSDT,-0.05701730,0.00001233,0.96719038,-0.00000000,0.46624151,0.00000000,0.00000012,0.00000000,0.00002380,0.50000000,81083.19500000,0
1778818154223911000,BTCUSDT,-0.05701730,0.00001233,0.96719038,-0.00000000,0.46624151,0.00000000,0.00000012,0.00000000,0.00002380,0.50000000,81083.19500000,0
1778818154324515000,BTCUSDT,-0.05701730,0.00001233,0.96719038,-0.00000000,0.46624151,0.00000000,0.00000012,0.00000000,0.00002380,0.50000000,81083.19500000,0
1778818154424613000,BTCUSDT,-0.05701730,0.00001233,0.96719038,-0.00000000,0.46624151,0.00000000,0.00000012,0.00000000,0.00002380,0.50000000,81083.19500000,0
1778818154525047000,BTCUSDT,-0.05701730,0.00001233,0.96719038,-0.00000000,0.46624151,0.00000000,0.00000012,0.00000000,0.00002380,0.50000000,81083.19500000,0
1778818154624546000,BTCUSDT,-0.05701730,0.00001233,0.96719038,-0.00000000,0.46624151,0.00000000,0.00000012,0.00000000,0.00002380,0.50000000,81083.19500000,0
1778818154724576000,BTCUSDT,-0.05701730,0.00001233,0.96719038,-0.00000000,0.46624151,0.00000000,0.00000012,0.00000000,0.00002380,0.50000000,81083.19500000,0
1778818154823605000,BTCUSDT,-0.05701730,0.00001233,0.96719038,-0.00000000,0.46624151,0.00000000,0.00000012,0.00000000,0.00002380,0.50000000,81083.19500000,0
1778818154924115000,BTCUSDT,-0.05838403,0.00001233,0.96719038,-0.00000000,0.46555856,0.00000000,0.00000012,0.00000000,0.00002373,0.50000000,81083.19500000,0
1778818155024117000,BTCUSDT,0.00719434,0.00001233,0.96719038,-0.00000000,0.49830374,0.00000000,0.00000012,0.00000000,0.00002706,0.50000000,81083.19500000,0
1778818155127147000,BTCUSDT,0.00719434,0.00001233,0.96719038,-0.00000000,0.49829462,0.00000000,0.00000012,0.00000000,0.00002706,0.50000000,81083.19500000,0
1778818155224239000,BTCUSDT,0.00725813,0.00001233,0.96719038,-0.00000000,0.49833447,0.00000000,0.00000012,0.00000000,0.00002707,0.50000000,81083.19500000,0
1778818155327606000,BTCUSDT,-0.05804822,0.00001233,0.96719038,-0.00000000,0.46572170,0.00000000,0.00000012,0.00000000,0.00002373,0.50000000,81083.19500000,0
1778818155424420000,BTCUSDT,-0.05812167,0.00001233,0.96719038,-0.00000000,0.46568564,0.00000000,0.00000012,0.00000000,0.00002373,0.50000000,81083.19500000,0
1778818155523917000,BTCUSDT,-0.05813780,0.00001233,0.96719038,-0.00000000,0.46566987,0.00000000,0.00000012,0.00000000,0.00002373,0.50000000,81083.19500000,0
1778818155624851000,BTCUSDT,-0.05813780,0.00001233,0.96719038,-0.00000000,0.46566987,0.00000000,0.00000012,0.00000000,0.00002373,0.50000000,81083.19500000,0
1778818155728480000,BTCUSDT,-0.05813780,0.00001233,0.96719038,-0.00000000,0.46566987,0.00000000,0.00000012,0.00000000,0.00002373,0.50000000,81083.19500000,0
1778818155823883000,BTCUSDT,-0.05813780,0.00001233,0.96719038,-0.00000000,0.46566987,0.00000000,0.00000012,0.00000000,0.00002373,0.50000000,81083.19500000,0
1778818155925677000,BTCUSDT,-0.05813780,0.00001233,0.96719038,-0.00000000,0.46566987,0.00000000,0.00000012,0.00000000,0.00002373,0.50000000,81083.19500000,0
1778818156024419000,BTCUSDT,-0.05813780,0.00001233,0.96719038,-0.00000000,0.46566987,0.00000000,0.00000012,0.00000000,0.00002373,0.50000000,81083.19500000,0
1778818156127229000,BTCUSDT,-0.05813780,0.00001233,0.96719038,-0.00000000,0.46566987,0.00000000,0.00000012,0.00000000,0.00002373,0.50000000,81083.19500000,0
1778818156225999000,BTCUSDT,-0.05811967,0.00001233,0.96719038,-0.00000000,0.46567890,0.00000000,0.00000012,0.00000000,0.00002373,0.50000000,81083.19500000,0
1778818156323927000,BTCUSDT,-0.05811967,0.00001233,0.96719038,-0.00000000,0.46567890,0.00000000,0.00000012,0.00000000,0.00002373,0.50000000,81083.19500000,0
1778818156424508000,BTCUSDT,-0.05811967,0.00001233,0.96719038,-0.00000000,0.46567890,0.00000000,0.00000012,0.00000000,0.00002373,0.50000000,81083.19500000,0
1778818156523973000,BTCUSDT,-0.05811967,0.00001233,0.96719038,-0.00000000,0.46567890,0.00000000,0.00000012,0.00000000,0.00002373,0.50000000,81083.19500000,0
1778818156624315000,BTCUSDT,-0.05811967,0.00001233,0.96719038,-0.00000000,0.46567890,0.00000000,0.00000012,0.00000000,0.00002373,0.50000000,81083.19500000,0
1778818156724847000,BTCUSDT,-0.05811967,0.00001233,0.96719038,-0.00000000,0.46567890,0.00000000,0.00000012,0.00000000,0.00002373,0.50000000,81083.19500000,0
1778818156824483000,BTCUSDT,-0.05811967,0.00001233,0.96719038,-0.00000000,0.46567890,0.00000000,0.00000012,0.00000000,0.00002373,0.50000000,81083.19500000,0
1778818156924042000,BTCUSDT,-0.05811967,0.00001233,0.96719038,-0.00000000,0.46567890,0.00000000,0.00000012,0.00000000,0.00002373,0.50000000,81083.19500000,0
1778818157026144000,BTCUSDT,-0.05811967,0.00001233,0.96719038,-0.00000000,0.46567890,0.00000000,0.00000012,0.00000000,0.00002373,0.50000000,81083.19500000,0
1778818157125385000,BTCUSDT,-0.05811967,0.00001233,0.96719038,-0.00000000,0.46567890,0.00000000,0.00000012,0.00000000,0.00002373,0.50000000,81083.19500000,0
1778818157224354000,BTCUSDT,-0.05811967,0.00001233,0.96719038,-0.00000000,0.46567890,0.00000000,0.00000012,0.00000000,0.00002373,0.50000000,81083.19500000,0
1778818157325151000,BTCUSDT,-0.05811967,0.00001233,0.96719038,-0.00000000,0.46567890,0.00000000,0.00000012,0.00000000,0.00002373,0.50000000,81083.19500000,0
1778818157424024000,BTCUSDT,-0.05811967,0.00001233,0.96719038,-0.00000000,0.46567890,0.00000000,0.00000012,0.00000000,0.00002373,0.50000000,81083.19500000,0
1778818157524592000,BTCUSDT,-0.05843824,0.00001233,0.96719038,-0.00000000,0.46551996,0.00000000,0.00000012,0.00000000,0.00002372,0.50000000,81083.19500000,0
1778818157624496000,BTCUSDT,-0.05843824,0.00001233,0.96719038,-0.00000000,0.46551996,0.00000000,0.00000012,0.00000000,0.00002372,0.50000000,81083.19500000,0
1778818157725195000,BTCUSDT,-0.05843824,0.00001233,0.96719038,-0.00000000,0.46551996,0.00000000,0.00000012,0.00000000,0.00002372,0.50000000,81083.19500000,0
1778818157824966000,BTCUSDT,-0.05843824,0.00001233,0.96719038,-0.00000000,0.46551996,0.00000000,0.00000012,0.00000000,0.00002372,0.50000000,81083.19500000,0
1778818157924635000,BTCUSDT,-0.05811317,0.00001233,0.96719038,-0.00000000,0.46567875,0.00000000,0.00000012,0.00000000,0.00002372,0.50000000,81083.19500000,0
1778818158023872000,BTCUSDT,-0.05811317,0.00001233,0.96719038,-0.00000000,0.46567875,0.00000000,0.00000012,0.00000000,0.00002372,0.50000000,81083.19500000,0
1778818158124806000,BTCUSDT,-0.05811317,0.00001233,0.96719038,-0.00000000,0.46567875,0.00000000,0.00000012,0.00000000,0.00002372,0.50000000,81083.19500000,0
1778818158223994000,BTCUSDT,-0.05811317,0.00001233,0.96719038,-0.00000000,0.46567875,0.00000000,0.00000012,0.00000000,0.00002372,0.50000000,81083.19500000,0
1778818158325350000,BTCUSDT,-0.05811317,0.00001233,0.96719038,-0.00000000,0.46567875,0.00000000,0.00000012,0.00000000,0.00002372,0.50000000,81083.19500000,0
1778818158431222000,BTCUSDT,-0.05811317,0.00001233,0.96719038,-0.00000000,0.46567875,0.00000000,0.00000012,0.00000000,0.00002372,0.50000000,81083.19500000,0
1778818158526022000,BTCUSDT,-0.05811317,0.00001233,0.96719038,-0.00000000,0.46567875,0.00000000,0.00000012,0.00000000,0.00002372,0.50000000,81083.19500000,0
1778818158624248000,BTCUSDT,0.00750098,0.00001233,0.96719038,-0.00000000,0.49844208,0.00000000,0.00000012,0.00000000,0.00002705,0.50000000,81083.19500000,0
1778818158724350000,BTCUSDT,0.18727276,0.00001233,0.96719038,-0.00000000,0.58686656,0.00000000,0.00000012,0.00000000,0.00002970,0.50000000,81083.19500000,0
1778818158825228000,BTCUSDT,0.18727276,0.00001233,0.96719038,-0.00000000,0.58686656,0.00000000,0.00000012,0.00000000,0.00002970,0.50000000,81083.19500000,0
1778818158924912000,BTCUSDT,0.18729910,0.00001233,0.96719038,-0.00000000,0.58687943,0.00000000,0.00000012,0.00000000,0.00002970,0.50000000,81083.19500000,0
1778818159024291000,BTCUSDT,0.12935205,0.00001233,0.96719038,-0.00000000,0.55780101,0.00000000,0.00000012,0.00000000,0.00002637,0.50000000,81083.19500000,0
1778818159124462000,BTCUSDT,0.12935205,0.00001233,0.96719038,-0.00000000,0.55780101,0.00000000,0.00000012,0.00000000,0.00002637,0.50000000,81083.19500000,0
1778818159224116000,BTCUSDT,0.12935205,0.00001233,0.96719038,-0.00000000,0.55780101,0.00000000,0.00000012,0.00000000,0.00002637,0.50000000,81083.19500000,0
1778818159325556000,BTCUSDT,0.12935205,0.00001233,0.96719038,-0.00000000,0.55782634,0.00000000,0.00000012,0.00000000,0.00002637,0.50000000,81083.19500000,0
1778818159424005000,BTCUSDT,0.12935205,0.00001233,0.96719038,-0.00000000,0.57779980,0.00000000,0.00000012,0.00000000,0.00002413,0.50000000,81083.19500000,0
1778818159525741000,BTCUSDT,0.12935205,0.00001233,0.96719038,-0.00000000,0.55781120,0.00000000,0.00000012,0.00000000,0.00002637,0.50000000,81083.19500000,0
1778818159625262000,BTCUSDT,0.12935205,0.00001233,0.96719038,-0.00000000,0.55781120,0.00000000,0.00000012,0.00000000,0.00002637,0.50000000,81083.19500000,0
1778818159726485000,BTCUSDT,0.12935205,0.00001233,0.96719038,-0.00000000,0.55781120,0.00000000,0.00000012,0.00000000,0.00002637,0.50000000,81083.19500000,0
1778818159824189000,BTCUSDT,0.12935205,0.00001233,0.96719038,-0.00000000,0.55781120,0.00000000,0.00000012,0.00000000,0.00002637,0.50000000,81083.19500000,0
1778818159923589000,BTCUSDT,0.12935205,0.00001233,0.96719038,-0.00000000,0.55781120,0.00000000,0.00000012,0.00000000,0.00002637,0.50000000,81083.19500000,0
1778818160026328000,BTCUSDT,0.12935205,0.00001233,0.96719038,-0.00000000,0.55781120,0.00000000,0.00000012,0.00000000,0.00002637,0.50000000,81083.19500000,0
1778818160124534000,BTCUSDT,0.12932521,0.00001233,0.96719038,-0.00000000,0.55779809,0.00000000,0.00000012,0.00000000,0.00002637,0.50000000,81083.19500000,0
1778818160223848000,BTCUSDT,0.12932521,0.00001233,0.96719038,-0.00000000,0.55779809,0.00000000,0.00000012,0.00000000,0.00002637,0.50000000,81083.19500000,0
1778818160323915000,BTCUSDT,0.12932521,0.00001233,0.96719038,-0.00000000,0.55779809,0.00000000,0.00000012,0.00000000,0.00002637,0.50000000,81083.19500000,0
1778818160424067000,BTCUSDT,0.12932521,0.00001233,0.96719038,-0.00000000,0.55779809,0.00000000,0.00000012,0.00000000,0.00002637,0.50000000,81083.19500000,0
1778818160523914000,BTCUSDT,0.12932521,0.00001233,0.96719038,-0.00000000,0.55779809,0.00000000,0.00000012,0.00000000,0.00002637,0.50000000,81083.19500000,0
1778818160624453000,BTCUSDT,0.12932521,0.00001233,0.96719038,-0.00000000,0.55779809,0.00000000,0.00000012,0.00000000,0.00002637,0.50000000,81083.19500000,0
1778818160724142000,BTCUSDT,0.12932521,0.00001233,0.96719038,-0.00000000,0.55779809,0.00000000,0.00000012,0.00000000,0.00002637,0.50000000,81083.19500000,0
1778818160824488000,BTCUSDT,0.12932521,0.00001233,0.96719038,-0.00000000,0.55779809,0.00000000,0.00000012,0.00000000,0.00002637,0.50000000,81083.19500000,0
1778818160924421000,BTCUSDT,0.12932521,0.00001233,0.96719038,-0.00000000,0.55779809,0.00000000,0.00000012,0.00000000,0.00002637,0.50000000,81083.19500000,0
1778818161109760000,BTCUSDT,-0.98027265,-0.00468680,0.00000000,-0.00000342,0.00619136,-0.00005149,-0.00000614,0.00000000,0.00000051,0.50000000,81078.85000000,0
1778818161185110000,BTCUSDT,-0.98118043,-0.00468680,0.00000000,-0.00000538,0.00725322,-0.00004947,-0.00001157,0.00000000,0.00000051,0.50000000,81078.85000000,0
1778818161261676000,BTCUSDT,-0.99022341,-0.00846106,0.00000000,-0.00000751,0.00712638,-0.00006566,-0.00002131,0.00000000,0.00000051,0.50000000,81077.32000000,0
1778818161330186000,BTCUSDT,-0.98973924,-0.01238348,0.00000000,-0.00000966,0.00753742,-0.00008192,-0.00003498,0.00000000,0.00000051,0.50000000,81075.73000000,0
1778818161426627000,BTCUSDT,-0.98607939,-0.01238348,0.00000000,-0.00001045,0.01039285,-0.00007871,-0.00004683,0.00000000,0.00000051,0.50000000,81075.73000000,0
1778818161524193000,BTCUSDT,-0.98607939,-0.01238348,0.00000000,-0.00001031,0.01039285,-0.00007562,-0.00005710,0.00000000,0.00000051,0.50000000,81075.73000000,0
1778818161718488000,BTCUSDT,-0.98607498,-0.01238348,0.00000000,-0.00000957,0.01039599,-0.00007266,-0.00006599,0.00000000,0.00000051,0.50000000,81075.73000000,0
1778818161855344000,BTCUSDT,-0.98607498,-0.01238348,0.00000000,-0.00000848,0.01028757,-0.00006981,-0.00007371,0.00000000,0.00000051,0.50000000,81075.73000000,0
1778818161856984000,BTCUSDT,-0.98607498,-0.01238348,0.00000000,-0.00000721,0.01018880,-0.00006707,-0.00008039,0.00000000,0.00000051,0.50000000,81075.73000000,0
1778818162034148000,BTCUSDT,-0.98607498,-0.01238348,0.00000000,-0.00000587,0.01018869,-0.00006444,-0.00008618,0.00000000,0.00000051,0.50000000,81075.73000000,0
1778818162035035000,BTCUSDT,-0.98607498,-0.01238348,0.00000000,-0.00000454,0.01018869,-0.00006191,-0.00009120,0.00000000,0.00000051,0.50000000,81075.73000000,0
1778818162239233000,BTCUSDT,-0.98564839,-0.01238348,0.00000000,-0.00000328,0.01047942,-0.00005949,-0.00009555,0.00000000,0.00000051,0.50000000,81075.73000000,0
1778818162240878000,BTCUSDT,-0.98564839,-0.01238348,0.00000000,-0.00000213,0.01047942,-0.00005715,-0.00009932,0.00000000,0.00000051,0.50000000,81075.73000000,0
1778818162336023000,BTCUSDT,-0.98563308,-0.01238348,0.00000000,-0.00000109,0.01095491,-0.00005491,-0.00010259,0.00000000,0.00000051,0.50000000,81075.73000000,0
1778818162472225000,BTCUSDT,-0.98606062,-0.01238348,0.00000000,-0.00000018,0.01062664,-0.00005276,-0.00010543,0.00000000,0.00000051,0.50000000,81075.73000000,0
1778818162610249000,BTCUSDT,-0.98563308,-0.01238348,0.00000000,0.00000060,0.01094356,-0.00005069,-0.00010788,0.00000000,0.00000051,0.50000000,81075.73000000,0
1778818162624524000,BTCUSDT,-0.98563308,-0.01238348,0.00000000,0.00000126,0.01094356,-0.00004870,-0.00011001,0.00000000,0.00000051,0.50000000,81075.73000000,0
1778818162791039000,BTCUSDT,-0.98563290,-0.01238348,0.00000000,0.00000181,0.01094255,-0.00004679,-0.00011185,0.00000000,0.00000051,0.50000000,81075.73000000,0
1778818162824059000,BTCUSDT,-0.98609310,-0.01238348,0.00000000,0.00000225,0.01060162,-0.00004496,-0.00011345,0.00000000,0.00000051,0.50000000,81075.73000000,0
1778818162965555000,BTCUSDT,-0.98566520,-0.01238348,0.00000000,0.00000260,0.01091849,-0.00004320,-0.00011483,0.00000000,0.00000051,0.50000000,81075.73000000,0
1778818163142182000,BTCUSDT,-0.98566520,-0.01238348,0.00000000,0.00000286,0.01091849,-0.00004150,-0.00011603,0.00000000,0.00000051,0.50000000,81075.73000000,0
1778818163144609000,BTCUSDT,-0.98566520,-0.01238348,0.00000000,0.00000306,0.01091849,-0.00003987,-0.00011707,0.00000000,0.00000051,0.50000000,81075.73000000,0
1778818163318017000,BTCUSDT,-0.98566520,-0.01238348,0.00000000,0.00000319,0.01091849,-0.00003831,-0.00011798,0.00000000,0.00000051,0.50000000,81075.73000000,0
1778818163325552000,BTCUSDT,-0.98566520,-0.01238348,0.00000000,0.00000327,0.01091849,-0.00003681,-0.00011876,0.00000000,0.00000051,0.50000000,81075.73000000,0
1778818163498346000,BTCUSDT,-0.98655546,-0.01238348,0.00000000,0.00000330,0.01018957,-0.00003536,-0.00011943,0.00000000,0.00000051,0.50000000,81075.73000000,0
1778818163532125000,BTCUSDT,-0.98941141,-0.01472714,0.00000000,0.00000255,0.00389794,-0.00004524,-0.00012315,0.00000000,0.00000051,0.50000000,81074.78000000,0
1778818163857629000,BTCUSDT,-0.99011540,-0.02064821,0.00000000,0.00000020,0.00459308,-0.00007190,-0.00013426,0.00000000,0.00000051,0.50000000,81072.38000000,0
1778818163859551000,BTCUSDT,-0.98603016,-0.02558271,0.00000000,-0.00000272,0.00626125,-0.00009278,-0.00015047,0.00000000,0.00000051,0.50000000,81070.38000000,0
1778818164038156000,BTCUSDT,-0.98070747,-0.02870390,0.00000000,-0.00000525,0.01446411,-0.00010413,-0.00016868,0.00000000,0.00000051,0.50000000,81069.11500000,0
1778818164039495000,BTCUSDT,-0.98072267,-0.02870390,0.00000000,-0.00000641,0.01445296,-0.00010005,-0.00018446,0.00000000,0.00000051,0.50000000,81069.11500000,0
1778818164240758000,BTCUSDT,-0.98555177,-0.02981423,0.00000000,-0.00000697,0.00871694,-0.00010146,-0.00019962,0.00000000,0.00000051,0.50000000,81068.66500000,0
1778818164242749000,BTCUSDT,-0.98555195,-0.02981423,0.00000000,-0.00000677,0.00934765,-0.00009748,-0.00021276,0.00000000,0.00000051,0.50000000,81068.66500000,0
1778818164244282000,BTCUSDT,-0.98555195,-0.02981423,0.00000000,-0.00000609,0.00903846,-0.00009366,-0.00022414,0.00000000,0.00000051,0.50000000,81068.66500000,0
1778818164710598000,BTCUSDT,-0.98555315,-0.02981423,0.00000000,-0.00000512,0.00903786,-0.00008999,-0.00023401,0.00000000,0.00000051,0.50000000,81068.66500000,0
1778818164710857000,BTCUSDT,-0.98555315,-0.02981423,0.00000000,-0.00000401,0.00903786,-0.00008646,-0.00024256,0.00000000,0.00000051,0.50000000,81068.66500000,0
1778818164863666000,BTCUSDT,-0.98555315,-0.02981423,0.00000000,-0.00000287,0.00903786,-0.00008307,-0.00024997,0.00000000,0.00000051,0.50000000,81068.66500000,0
1778818164864173000,BTCUSDT,-0.98555315,-0.02981423,0.00000000,-0.00000175,0.00903786,-0.00007981,-0.00025639,0.00000000,0.00000051,0.50000000,81068.66500000,0
1778818164865246000,BTCUSDT,-0.98649544,-0.02999929,0.00000000,-0.00000077,0.00609125,-0.00007757,-0.00026221,0.00000000,0.00000051,0.50000000,81068.59000000,0
1778818164940572000,BTCUSDT,-0.98666173,-0.02999929,0.00000000,0.00000014,0.00760326,-0.00007453,-0.00026725,0.00000000,0.00000051,0.50000000,81068.59000000,0
1778818164940825000,BTCUSDT,-0.98206782,-0.02999929,0.00000000,0.00000095,0.00913939,-0.00007161,-0.00027161,0.00000000,0.00000051,0.50000000,81068.59000000,0
1778818165026303000,BTCUSDT,-0.98206812,-0.02999929,0.00000000,0.00000167,0.00913921,-0.00006880,-0.00027540,0.00000000,0.00000051,0.50000000,81068.59000000,0
1778818165129371000,BTCUSDT,-0.98272926,-0.02999929,0.00000000,0.00000227,0.00891730,-0.00006610,-0.00027868,0.00000000,0.00000051,0.50000000,81068.59000000,0
1778818165224943000,BTCUSDT,-0.98272926,-0.02999929,0.00000000,0.00000277,0.00891730,-0.00006351,-0.00028152,0.00000000,0.00000051,0.50000000,81068.59000000,0
1778818165328211000,BTCUSDT,-0.98272926,-0.02999929,0.00000000,0.00000318,0.00891730,-0.00006102,-0.00028398,0.00000000,0.00000051,0.50000000,81068.59000000,0
1778818165424756000,BTCUSDT,-0.98272926,-0.02999929,0.00000000,0.00000349,0.00891730,-0.00005863,-0.00028612,0.00000000,0.00000051,0.50000000,81068.59000000,0
1778818165525366000,BTCUSDT,-0.98272926,-0.02999929,0.00000000,0.00000372,0.00891730,-0.00005633,-0.00028797,0.00000000,0.00000051,0.50000000,81068.59000000,0
1778818165624964000,BTCUSDT,-0.98272926,-0.02999929,0.00000000,0.00000389,0.00891730,-0.00005412,-0.00028957,0.00000000,0.00000051,0.50000000,81068.59000000,0
1778818165724311000,BTCUSDT,-0.98272926,-0.02999929,0.00000000,0.00000399,0.00891730,-0.00005200,-0.00029096,0.00000000,0.00000051,0.50000000,81068.59000000,0
1778818165824520000,BTCUSDT,-0.98272288,-0.02999929,0.00000000,0.00000403,0.00891946,-0.00004996,-0.00029216,0.00000000,0.00000051,0.50000000,81068.59000000,0
1778818165923925000,BTCUSDT,-0.98272288,-0.02999929,0.00000000,0.00000404,0.00891938,-0.00004800,-0.00029321,0.00000000,0.00000051,0.50000000,81068.59000000,0
1778818166024222000,BTCUSDT,-0.98272288,-0.02999929,0.00000000,0.00000400,0.00891938,-0.00004612,-0.00029411,0.00000000,0.00000051,0.50000000,81068.59000000,0
1778818166123992000,BTCUSDT,-0.98272288,-0.02999929,0.00000000,0.00000394,0.00891938,-0.00004431,-0.00029490,0.00000000,0.00000051,0.50000000,81068.59000000,0
1778818166223886000,BTCUSDT,-0.98272288,-0.02999929,0.00000000,0.00000384,0.00891938,-0.00004257,-0.00029558,0.00000000,0.00000051,0.50000000,81068.59000000,0
1778818166324568000,BTCUSDT,-0.98272288,-0.02999929,0.00000000,0.00000373,0.00891938,-0.00004090,-0.00029617,0.00000000,0.00000051,0.50000000,81068.59000000,0
1778818166423710000,BTCUSDT,-0.98272288,-0.02999929,0.00000000,0.00000361,0.00891938,-0.00003930,-0.00029668,0.00000000,0.00000051,0.50000000,81068.59000000,0
1778818166524243000,BTCUSDT,-0.98272759,-0.02999929,0.00000000,0.00000347,0.00891779,-0.00003776,-0.00029712,0.00000000,0.00000051,0.50000000,81068.59000000,0
1778818166624408000,BTCUSDT,-0.98272783,-0.02999929,0.00000000,0.00000333,0.00891770,-0.00003627,-0.00029750,0.00000000,0.00000051,0.50000000,81068.59000000,0
1778818166724571000,BTCUSDT,-0.98272812,-0.02999929,0.00000000,0.00000318,0.00891759,-0.00003485,-0.00029783,0.00000000,0.00000051,0.50000000,81068.59000000,0
1778818166829734000,BTCUSDT,-0.98272812,-0.02999929,0.00000000,0.00000303,0.00891759,-0.00003349,-0.00029812,0.00000000,0.00000051,0.50000000,81068.59000000,0
1778818166924057000,BTCUSDT,-0.98272812,-0.02999929,0.00000000,0.00000288,0.00891759,-0.00003217,-0.00029837,0.00000000,0.00000051,0.50000000,81068.59000000,0
1778818167249583000,BTCUSDT,-0.98272812,-0.02999929,0.00000000,0.00000273,0.00891759,-0.00003091,-0.00029859,0.00000000,0.00000051,0.50000000,81068.59000000,0
1778818167250131000,BTCUSDT,-0.98272812,-0.02999929,0.00000000,0.00000258,0.00891759,-0.00002970,-0.00029877,0.00000000,0.00000051,0.50000000,81068.59000000,0
1778818167334831000,BTCUSDT,-0.98272812,-0.02999929,0.00000000,0.00000243,0.00911185,-0.00002853,-0.00029894,0.00000000,0.00000051,0.50000000,81068.59000000,0
1778818167335077000,BTCUSDT,-0.98272812,-0.02999929,0.00000000,0.00000229,0.00911194,-0.00002742,-0.00029908,0.00000000,0.00000051,0.50000000,81068.59000000,0
1778818167425180000,BTCUSDT,-0.98272812,-0.02999929,0.00000000,0.00000215,0.00911194,-0.00002634,-0.00029920,0.00000000,0.00000051,0.50000000,81068.59000000,0
1778818167524078000,BTCUSDT,-0.98272985,-0.02999929,0.00000000,0.00000202,0.00911133,-0.00002531,-0.00029931,0.00000000,0.00000051,0.50000000,81068.59000000,0
1778818167624062000,BTCUSDT,-0.98270822,-0.02999929,0.00000000,0.00000190,0.00911884,-0.00002431,-0.00029940,0.00000000,0.00000051,0.50000000,81068.59000000,0
1778818167731338000,BTCUSDT,-0.98270822,-0.02999929,0.00000000,0.00000178,0.00911884,-0.00002336,-0.00029948,0.00000000,0.00000051,0.50000000,81068.59000000,0
1778818167826054000,BTCUSDT,-0.98270798,-0.02999929,0.00000000,0.00000166,0.00911902,-0.00002245,-0.00029955,0.00000000,0.00000051,0.50000000,81068.59000000,0
1778818167925863000,BTCUSDT,-0.98270798,-0.02999929,0.00000000,0.00000156,0.00911902,-0.00002157,-0.00029961,0.00000000,0.00000051,0.50000000,81068.59000000,0
1778818168026175000,BTCUSDT,-0.98270798,-0.02999929,0.00000000,0.00000145,0.00911902,-0.00002072,-0.00029966,0.00000000,0.00000051,0.50000000,81068.59000000,0
1778818168124607000,BTCUSDT,-0.98270798,-0.02999929,0.00000000,0.00000136,0.00911902,-0.00001991,-0.00029970,0.00000000,0.00000051,0.50000000,81068.59000000,0
1778818168227954000,BTCUSDT,-0.98270798,-0.02999929,0.00000000,0.00000127,0.00911902,-0.00001913,-0.00029974,0.00000000,0.00000051,0.50000000,81068.59000000,0
1778818168324699000,BTCUSDT,-0.98270798,-0.02999929,0.00000000,0.00000118,0.00911902,-0.00001838,-0.00029977,0.00000000,0.00000051,0.50000000,81068.59000000,0
1778818168423870000,BTCUSDT,-0.98270798,-0.02999929,0.00000000,0.00000110,0.00911902,-0.00001766,-0.00029980,0.00000000,0.00000051,0.50000000,81068.59000000,0
1778818168529489000,BTCUSDT,-0.98270798,-0.02999929,0.00000000,0.00000102,0.00911902,-0.00001696,-0.00029983,0.00000000,0.00000051,0.50000000,81068.59000000,0
1778818168624547000,BTCUSDT,-0.98270768,-0.02999929,0.00000000,0.00000095,0.00911920,-0.00001630,-0.00029985,0.00000000,0.00000051,0.50000000,81068.59000000,0
1778818168725145000,BTCUSDT,-0.98270768,-0.02999929,0.00000000,0.00000089,0.00911920,-0.00001566,-0.00029987,0.00000000,0.00000051,0.50000000,81068.59000000,0
1778818168829069000,BTCUSDT,-0.98270768,-0.02999929,0.00000000,0.00000083,0.00911920,-0.00001504,-0.00029989,0.00000000,0.00000051,0.50000000,81068.59000000,0
1778818168923810000,BTCUSDT,-0.98270768,-0.02999929,0.00000000,0.00000077,0.00911920,-0.00001445,-0.00029990,0.00000000,0.00000051,0.50000000,81068.59000000,0
1778818169024712000,BTCUSDT,-0.98270768,-0.02999929,0.00000000,0.00000071,0.00911920,-0.00001389,-0.00029991,0.00000000,0.00000051,0.50000000,81068.59000000,0
1778818169124987000,BTCUSDT,-0.98270768,-0.02999929,0.00000000,0.00000066,0.00911920,-0.00001334,-0.00029992,0.00000000,0.00000051,0.50000000,81068.59000000,0
1778818169226152000,BTCUSDT,-0.98270768,-0.02999929,0.00000000,0.00000062,0.00911920,-0.00001282,-0.00029993,0.00000000,0.00000051,0.50000000,81068.59000000,0
1778818169324882000,BTCUSDT,-0.98270798,-0.02999929,0.00000000,0.00000057,0.00911902,-0.00001232,-0.00029994,0.00000000,0.00000051,0.50000000,81068.59000000,0
1778818169424127000,BTCUSDT,-0.98270798,-0.02999929,0.00000000,0.00000053,0.00911902,-0.00001183,-0.00029995,0.00000000,0.00000051,0.50000000,81068.59000000,0
1778818169526482000,BTCUSDT,-0.98270798,-0.02999929,0.00000000,0.00000049,0.00911902,-0.00001137,-0.00029995,0.00000000,0.00000051,0.50000000,81068.59000000,0
1778818169624798000,BTCUSDT,-0.98270798,-0.02999929,0.00000000,0.00000046,0.00911902,-0.00001092,-0.00029996,0.00000000,0.00000051,0.50000000,81068.59000000,0
1778818169724995000,BTCUSDT,-0.98270798,-0.02999929,0.00000000,0.00000042,0.00911902,-0.00001050,-0.00029996,0.00000000,0.00000051,0.50000000,81068.59000000,0
1778818169824561000,BTCUSDT,-0.98270768,-0.02999929,0.00000000,0.00000039,0.00911920,-0.00001008,-0.00029997,0.00000000,0.00000051,0.50000000,81068.59000000,0
1778818169924543000,BTCUSDT,-0.98270768,-0.02999929,0.00000000,0.00000036,0.00911920,-0.00000969,-0.00029997,0.00000000,0.00000051,0.50000000,81068.59000000,0
1778818170024448000,BTCUSDT,-0.98270768,-0.02999929,0.00000000,0.00000034,0.00911920,-0.00000931,-0.00029997,0.00000000,0.00000051,0.50000000,81068.59000000,0
1778818170124423000,BTCUSDT,-0.98270279,-0.02999929,0.00000000,0.00000031,0.00912094,-0.00000894,-0.00029998,0.00000000,0.00000051,0.50000000,81068.59000000,0
1778818170224605000,BTCUSDT,-0.98270279,-0.02999929,0.00000000,0.00000029,0.00912094,-0.00000859,-0.00029998,0.00000000,0.00000051,0.50000000,81068.59000000,0
1778818170324643000,BTCUSDT,-0.98270279,-0.02999929,0.00000000,0.00000027,0.00912094,-0.00000826,-0.00029998,0.00000000,0.00000051,0.50000000,81068.59000000,0
1778818170424272000,BTCUSDT,-0.98270279,-0.02999929,0.00000000,0.00000025,0.00912094,-0.00000793,-0.00029998,0.00000000,0.00000051,0.50000000,81068.59000000,0
1778818170524729000,BTCUSDT,-0.98270303,-0.02999929,0.00000000,0.00000023,0.00912076,-0.00000762,-0.00029998,0.00000000,0.00000051,0.50000000,81068.59000000,0
1778818170624090000,BTCUSDT,-0.98270303,-0.02999929,0.00000000,0.00000021,0.00912076,-0.00000732,-0.00029998,0.00000000,0.00000051,0.50000000,81068.59000000,0
1778818170724618000,BTCUSDT,-0.98270333,-0.02999929,0.00000000,0.00000020,0.00912058,-0.00000704,-0.00029999,0.00000000,0.00000051,0.50000000,81068.59000000,0
1778818170824617000,BTCUSDT,-0.98270303,-0.02999929,0.00000000,0.00000018,0.00912076,-0.00000676,-0.00029999,0.00000000,0.00000051,0.50000000,81068.59000000,0
1778818170924597000,BTCUSDT,-0.98270303,-0.02999929,0.00000000,0.00000017,0.00912076,-0.00000649,-0.00029999,0.00000000,0.00000051,0.50000000,81068.59000000,0
1778818171024233000,BTCUSDT,-0.98270303,-0.02999929,0.00000000,0.00000016,0.00912076,-0.00000624,-0.00029999,0.00000000,0.00000051,0.50000000,81068.59000000,0
1778818171125428000,BTCUSDT,-0.98270303,-0.02999929,0.00000000,0.00000015,0.00912076,-0.00000599,-0.00029999,0.00000000,0.00000051,0.50000000,81068.59000000,0
1778818171224624000,BTCUSDT,-0.98270303,-0.02999929,0.00000000,0.00000014,0.00912076,-0.00000576,-0.00029999,0.00000000,0.00000051,0.50000000,81068.59000000,0
1778818171324488000,BTCUSDT,-0.98270303,-0.02999929,0.00000000,0.00000013,0.00912076,-0.00000553,-0.00029999,0.00000000,0.00000051,0.50000000,81068.59000000,0
1778818171424123000,BTCUSDT,-0.98270303,-0.02999929,0.00000000,0.00000012,0.00912076,-0.00000532,-0.00029999,0.00000000,0.00000051,0.50000000,81068.59000000,0
1778818171524625000,BTCUSDT,-0.98270303,-0.02999929,0.00000000,0.00000011,0.00912076,-0.00000511,-0.00029999,0.00000000,0.00000051,0.50000000,81068.59000000,0
1778818171624430000,BTCUSDT,-0.98270303,-0.02999929,0.00000000,0.00000010,0.00912076,-0.00000491,-0.00029999,0.00000000,0.00000051,0.50000000,81068.59000000,0
1778818171724983000,BTCUSDT,-0.98270303,-0.02999929,0.00000000,0.00000009,0.00912076,-0.00000472,-0.00029999,0.00000000,0.00000051,0.50000000,81068.59000000,0
1778818171823909000,BTCUSDT,-0.98270303,-0.02999929,0.00000000,0.00000009,0.00912076,-0.00000453,-0.00029999,0.00000000,0.00000051,0.50000000,81068.59000000,0
1778818171924923000,BTCUSDT,-0.98270357,-0.02999929,0.00000000,0.00000008,0.00912058,-0.00000435,-0.00029999,0.00000000,0.00000051,0.50000000,81068.59000000,0
1778818172024911000,BTCUSDT,-0.98259449,-0.02999929,0.00000000,0.00000007,0.00915856,-0.00000418,-0.00029999,0.00000000,0.00000051,0.50000000,81068.59000000,0
1778818172128606000,BTCUSDT,-0.98259449,-0.02999929,0.00000000,0.00000007,0.00915856,-0.00000402,-0.00029999,0.00000000,0.00000051,0.50000000,81068.59000000,0
1778818172226917000,BTCUSDT,-0.97962677,-0.02999929,0.00000000,0.00000006,0.01015091,-0.00000386,-0.00029999,0.00000000,0.00000051,0.50000000,81068.59000000,0
1778818172325066000,BTCUSDT,-0.97962677,-0.02999929,0.00000000,0.00000006,0.01015124,-0.00000371,-0.00029999,0.00000000,0.00000051,0.50000000,81068.59000000,0
1778818172425681000,BTCUSDT,-0.97962677,-0.02999929,0.00000000,0.00000005,0.01015113,-0.00000356,-0.00029999,0.00000000,0.00000051,0.50000000,81068.59000000,0
1778818172525783000,BTCUSDT,-0.98047560,-0.02999929,0.00000000,0.00000005,0.00987820,-0.00000342,-0.00029999,0.00000000,0.00000051,0.50000000,81068.59000000,0
1778818172624642000,BTCUSDT,-0.98047560,-0.02999929,0.00000000,0.00000005,0.00987820,-0.00000329,-0.00029999,0.00000000,0.00000051,0.50000000,81068.59000000,0
1778818172728726000,BTCUSDT,-0.98047560,-0.02999929,0.00000000,0.00000004,0.00987820,-0.00000316,-0.00029999,0.00000000,0.00000051,0.50000000,81068.59000000,0
1778818172825348000,BTCUSDT,-0.98047560,-0.02999929,0.00000000,0.00000004,0.00987820,-0.00000304,-0.00029999,0.00000000,0.00000051,0.50000000,81068.59000000,0
1778818172924368000,BTCUSDT,-0.98047560,-0.02999929,0.00000000,0.00000004,0.00987820,-0.00000292,-0.00029999,0.00000000,0.00000051,0.50000000,81068.59000000,0
1778818173024032000,BTCUSDT,-0.98047560,-0.02999929,0.00000000,0.00000003,0.00987820,-0.00000280,-0.00029999,0.00000000,0.00000051,0.50000000,81068.59000000,0
1778818173125871000,BTCUSDT,-0.98047560,-0.02999929,0.00000000,0.00000003,0.00987820,-0.00000269,-0.00029999,0.00000000,0.00000051,0.50000000,81068.59000000,0
1778818173224413000,BTCUSDT,-0.98047495,-0.02999929,0.00000000,0.00000003,0.00987841,-0.00000259,-0.00029999,0.00000000,0.00000051,0.50000000,81068.59000000,0
1778818173324629000,BTCUSDT,-0.98047537,-0.02999929,0.00000000,0.00000003,0.00987827,-0.00000249,-0.00029999,0.00000000,0.00000051,0.50000000,81068.59000000,0
1778818173424057000,BTCUSDT,-0.98047537,-0.02999929,0.00000000,0.00000003,0.00987827,-0.00000239,-0.00029999,0.00000000,0.00000051,0.50000000,81068.59000000,0
1778818173524487000,BTCUSDT,-0.98047537,-0.02999929,0.00000000,0.00000002,0.00987827,-0.00000230,-0.00029999,0.00000000,0.00000051,0.50000000,81068.59000000,0
1778818173626173000,BTCUSDT,-0.98047537,-0.02999929,0.00000000,0.00000002,0.00987827,-0.00000221,-0.00029999,0.00000000,0.00000051,0.50000000,81068.59000000,0
1778818173724266000,BTCUSDT,-0.98047537,-0.02999929,0.00000000,0.00000002,0.00987827,-0.00000212,-0.00029999,0.00000000,0.00000051,0.50000000,81068.59000000,0
1778818173824998000,BTCUSDT,-0.98047537,-0.02999929,0.00000000,0.00000002,0.00987827,-0.00000204,-0.00029999,0.00000000,0.00000051,0.50000000,81068.59000000,0
1778818173924735000,BTCUSDT,-0.98047537,-0.02999929,0.00000000,0.00000002,0.00987827,-0.00000196,-0.00029999,0.00000000,0.00000051,0.50000000,81068.59000000,0
1778818174024404000,BTCUSDT,-0.98047537,-0.02999929,0.00000000,0.00000002,0.00987827,-0.00000188,-0.00029999,0.00000000,0.00000051,0.50000000,81068.59000000,0
1778818174124740000,BTCUSDT,-0.98047537,-0.02999929,0.00000000,0.00000001,0.00987827,-0.00000181,-0.00029999,0.00000000,0.00000051,0.50000000,81068.59000000,0
1778818174224299000,BTCUSDT,-0.98047537,-0.02999929,0.00000000,0.00000001,0.00987827,-0.00000173,-0.00029999,0.00000000,0.00000051,0.50000000,81068.59000000,0
1778818174324502000,BTCUSDT,-0.98047537,-0.02999929,0.00000000,0.00000001,0.00987827,-0.00000167,-0.00029999,0.00000000,0.00000051,0.50000000,81068.59000000,0
1778818174424259000,BTCUSDT,-0.98047537,-0.02999929,0.00000000,0.00000001,0.00987827,-0.00000160,-0.00029999,0.00000000,0.00000051,0.50000000,81068.59000000,0
1778818174524556000,BTCUSDT,-0.98047537,-0.02999929,0.00000000,0.00000001,0.00987827,-0.00000154,-0.00029999,0.00000000,0.00000051,0.50000000,81068.59000000,0
1778818174624357000,BTCUSDT,-0.98047537,-0.02999929,0.00000000,0.00000001,0.00987827,-0.00000148,-0.00029999,0.00000000,0.00000051,0.50000000,81068.59000000,0
1778818174723939000,BTCUSDT,-0.98047537,-0.02999929,0.00000000,0.00000001,0.00987827,-0.00000142,-0.00029999,0.00000000,0.00000051,0.50000000,81068.59000000,0
1778818174824048000,BTCUSDT,-0.98047537,-0.02999929,0.00000000,0.00000001,0.00987827,-0.00000136,-0.00029999,0.00000000,0.00000051,0.50000000,81068.59000000,0
1778818174925536000,BTCUSDT,-0.98047537,-0.02999929,0.00000000,0.00000001,0.00987827,-0.00000131,-0.00029999,0.00000000,0.00000051,0.50000000,81068.59000000,0
1778818175026000000,BTCUSDT,-0.98047537,-0.02999929,0.00000000,0.00000001,0.00987827,-0.00000126,-0.00029999,0.00000000,0.00000051,0.50000000,81068.59000000,0
1778818175128791000,BTCUSDT,-0.98047537,-0.02999929,0.00000000,0.00000001,0.00987827,-0.00000121,-0.00029999,0.00000000,0.00000051,0.50000000,81068.59000000,0
1778818175224451000,BTCUSDT,-0.98047537,-0.02999929,0.00000000,0.00000001,0.00987827,-0.00000116,-0.00029999,0.00000000,0.00000051,0.50000000,81068.59000000,0
1778818175324290000,BTCUSDT,-0.98047537,-0.02999929,0.00000000,0.00000001,0.00987827,-0.00000112,-0.00029999,0.00000000,0.00000051,0.50000000,81068.59000000,0
1778818175424082000,BTCUSDT,-0.98047537,-0.02999929,0.00000000,0.00000001,0.00987827,-0.00000107,-0.00029999,0.00000000,0.00000051,0.50000000,81068.59000000,0
1778818175525247000,BTCUSDT,-0.98047537,-0.02999929,0.00000000,0.00000000,0.00987827,-0.00000103,-0.00029999,0.00000000,0.00000051,0.50000000,81068.59000000,0
1778818175626375000,BTCUSDT,-0.98047537,-0.02999929,0.00000000,0.00000000,0.00987827,-0.00000099,-0.00029999,0.00000000,0.00000051,0.50000000,81068.59000000,0
1778818175728314000,BTCUSDT,-0.98047537,-0.02999929,0.00000000,0.00000000,0.00987827,-0.00000095,-0.00029999,0.00000000,0.00000051,0.50000000,81068.59000000,0
1778818175824814000,BTCUSDT,-0.98047537,-0.02999929,0.00000000,0.00000000,0.00987827,-0.00000091,-0.00029999,0.00000000,0.00000051,0.50000000,81068.59000000,0
1778818175923913000,BTCUSDT,-0.98047537,-0.02999929,0.00000000,0.00000000,0.00987827,-0.00000088,-0.00029999,0.00000000,0.00000051,0.50000000,81068.59000000,0
1778818176024161000,BTCUSDT,-0.98047537,-0.02999929,0.00000000,0.00000000,0.00987827,-0.00000084,-0.00029999,0.00000000,0.00000051,0.50000000,81068.59000000,0
1778818176124510000,BTCUSDT,-0.98047537,-0.02999929,0.00000000,0.00000000,0.00987827,-0.00000081,-0.00029999,0.00000000,0.00000051,0.50000000,81068.59000000,0
1778818176227217000,BTCUSDT,-0.98047537,-0.02999929,0.00000000,0.00000000,0.00987827,-0.00000078,-0.00029999,0.00000000,0.00000051,0.50000000,81068.59000000,0
1778818176324967000,BTCUSDT,-0.98047537,-0.02999929,0.00000000,0.00000000,0.00987827,-0.00000075,-0.00029999,0.00000000,0.00000051,0.50000000,81068.59000000,0
1778818176424788000,BTCUSDT,-0.98047537,-0.02999929,0.00000000,0.00000000,0.00987827,-0.00000072,-0.00029999,0.00000000,0.00000051,0.50000000,81068.59000000,0
1778818176524649000,BTCUSDT,-0.98047537,-0.02999929,0.00000000,0.00000000,0.00987827,-0.00000069,-0.00029999,0.00000000,0.00000051,0.50000000,81068.59000000,0
1778818176625875000,BTCUSDT,-0.98016566,-0.02999929,0.00000000,0.00000000,0.00997883,-0.00000066,-0.00029999,0.00000000,0.00000051,0.50000000,81068.59000000,0
1778818176724381000,BTCUSDT,-0.98016566,-0.02999929,0.00000000,0.00000000,0.00997883,-0.00000064,-0.00029999,0.00000000,0.00000051,0.50000000,81068.59000000,0
1778818176824520000,BTCUSDT,-0.98016566,-0.02999929,0.00000000,0.00000000,0.00997883,-0.00000061,-0.00029999,0.00000000,0.00000051,0.50000000,81068.59000000,0
1778818176925292000,BTCUSDT,-0.98016566,-0.02999929,0.00000000,0.00000000,0.00997883,-0.00000059,-0.00029999,0.00000000,0.00000051,0.50000000,81068.59000000,0
1778818177024333000,BTCUSDT,-0.98016566,-0.02999929,0.00000000,0.00000000,0.00997883,-0.00000057,-0.00029999,0.00000000,0.00000051,0.50000000,81068.59000000,0
1778818177124661000,BTCUSDT,-0.98016500,-0.02999929,0.00000000,0.00000000,0.00974439,-0.00000054,-0.00029999,0.00000000,0.00000051,0.50000000,81068.59000000,0
1778818177225297000,BTCUSDT,-0.98016530,-0.02999929,0.00000000,0.00000000,0.00974429,-0.00000052,-0.00029999,0.00000000,0.00000051,0.50000000,81068.59000000,0
1778818177324346000,BTCUSDT,-0.98016530,-0.02999929,0.00000000,0.00000000,0.00974419,-0.00000050,-0.00029999,0.00000000,0.00000051,0.50000000,81068.59000000,0
1778818177424728000,BTCUSDT,-0.98016530,-0.02999929,0.00000000,0.00000000,0.00974419,-0.00000048,-0.00029999,0.00000000,0.00000051,0.50000000,81068.59000000,0
1778818177524377000,BTCUSDT,-0.98016530,-0.02999929,0.00000000,0.00000000,0.00974419,-0.00000046,-0.00029999,0.00000000,0.00000051,0.50000000,81068.59000000,0
1778818177631273000,BTCUSDT,-0.98016530,-0.02999929,0.00000000,0.00000000,0.00974419,-0.00000045,-0.00029999,0.00000000,0.00000051,0.50000000,81068.59000000,0
1778818177724731000,BTCUSDT,-0.98016530,-0.02999929,0.00000000,0.00000000,0.00974419,-0.00000043,-0.00029999,0.00000000,0.00000051,0.50000000,81068.59000000,0
1778818177825139000,BTCUSDT,-0.98016530,-0.02999929,0.00000000,0.00000000,0.00974419,-0.00000041,-0.00029999,0.00000000,0.00000051,0.50000000,81068.59000000,0
1778818177924282000,BTCUSDT,-0.98016530,-0.02999929,0.00000000,0.00000000,0.00974419,-0.00000039,-0.00029999,0.00000000,0.00000051,0.50000000,81068.59000000,0
1778818178024522000,BTCUSDT,-0.98016530,-0.02999929,0.00000000,0.00000000,0.00974419,-0.00000038,-0.00029999,0.00000000,0.00000051,0.50000000,81068.59000000,0
1778818178125357000,BTCUSDT,-0.98016530,-0.02999929,0.00000000,0.00000000,0.00974419,-0.00000036,-0.00029999,0.00000000,0.00000051,0.50000000,81068.59000000,0
1778818178224723000,BTCUSDT,-0.98016530,-0.02999929,0.00000000,0.00000000,0.00974419,-0.00000035,-0.00029999,0.00000000,0.00000051,0.50000000,81068.59000000,0
1778818178324660000,BTCUSDT,-0.98016530,-0.02999929,0.00000000,0.00000000,0.00974419,-0.00000034,-0.00029999,0.00000000,0.00000051,0.50000000,81068.59000000,0
1778818178424456000,BTCUSDT,-0.98016530,-0.02999929,0.00000000,0.00000000,0.00974419,-0.00000032,-0.00029999,0.00000000,0.00000051,0.50000000,81068.59000000,0
1778818178524010000,BTCUSDT,-0.98016530,-0.02999929,0.00000000,0.00000000,0.00974419,-0.00000031,-0.00029999,0.00000000,0.00000051,0.50000000,81068.59000000,0
1778818178625210000,BTCUSDT,-0.98016530,-0.02999929,0.00000000,0.00000000,0.00974419,-0.00000030,-0.00029999,0.00000000,0.00000051,0.50000000,81068.59000000,0
1778818178724241000,BTCUSDT,-0.98016530,-0.02999929,0.00000000,0.00000000,0.00974419,-0.00000029,-0.00029999,0.00000000,0.00000051,0.50000000,81068.59000000,0
1778818178824062000,BTCUSDT,-0.98016489,-0.02999929,0.00000000,0.00000000,0.00974432,-0.00000028,-0.00029999,0.00000000,0.00000051,0.50000000,81068.59000000,0
1778818178927923000,BTCUSDT,-0.98182011,-0.02999929,0.00000000,0.00000000,0.00921878,-0.00000026,-0.00029999,0.00000000,0.00000051,0.50000000,81068.59000000,0
1778818179025217000,BTCUSDT,-0.98186564,-0.02999929,0.00000000,0.00000000,0.00920384,-0.00000025,-0.00029999,0.00000000,0.00000051,0.50000000,81068.59000000,0
1778818179124894000,BTCUSDT,-0.98536307,-0.02999929,0.00000000,0.00000000,0.00976071,-0.00000024,-0.00029999,0.00000000,0.00000051,0.50000000,81068.59000000,0
1778818179225013000,BTCUSDT,-0.99101925,-0.02999929,0.00000000,0.00000000,0.00645511,-0.00000023,-0.00029999,0.00000000,0.00000051,0.50000000,81068.59000000,0
1778818179329143000,BTCUSDT,-0.98490340,-0.03647647,0.00000000,-0.00000207,0.01114337,-0.00003134,-0.00030864,0.00000000,0.00000051,0.50000000,81065.96500000,0
1778818179425051000,BTCUSDT,-0.98511237,-0.03647647,0.00000000,-0.00000325,0.01131931,-0.00003011,-0.00031612,0.00000000,0.00000051,0.50000000,81065.96500000,0
1778818179524854000,BTCUSDT,-0.97883481,-0.03647647,0.00000000,-0.00000381,0.01646813,-0.00002893,-0.00032261,0.00000000,0.00000051,0.50000000,81065.96500000,0
1778818179625031000,BTCUSDT,-0.97971004,-0.03647647,0.00000000,-0.00000394,0.01579264,-0.00002779,-0.00032823,0.00000000,0.00000051,0.50000000,81065.96500000,0
1778818179724472000,BTCUSDT,-0.97684848,-0.03647647,0.00000000,-0.00000378,0.01800187,-0.00002670,-0.00033310,0.00000000,0.00000051,0.50000000,81065.96500000,0
1778818179824116000,BTCUSDT,-0.97637457,-0.03647647,0.00000000,-0.00000345,0.01838648,-0.00002565,-0.00033732,0.00000000,0.00000051,0.50000000,81065.96500000,0
1778818179924321000,BTCUSDT,-0.97637457,-0.03647647,0.00000000,-0.00000301,0.01838648,-0.00002465,-0.00034098,0.00000000,0.00000051,0.50000000,81065.96500000,0
1778818180024272000,BTCUSDT,-0.97637457,-0.03647647,0.00000000,-0.00000253,0.01838648,-0.00002368,-0.00034415,0.00000000,0.00000051,0.50000000,81065.96500000,0
1778818180124872000,BTCUSDT,-0.97637457,-0.03647647,0.00000000,-0.00000203,0.01838648,-0.00002275,-0.00034690,0.00000000,0.00000051,0.50000000,81065.96500000,0
1778818180225432000,BTCUSDT,-0.97637457,-0.03647647,0.00000000,-0.00000155,0.01838648,-0.00002186,-0.00034928,0.00000000,0.00000051,0.50000000,81065.96500000,0
1778818180324549000,BTCUSDT,-0.97637457,-0.03647647,0.00000000,-0.00000110,0.01838648,-0.00002100,-0.00035135,0.00000000,0.00000051,0.50000000,81065.96500000,0
1778818180424482000,BTCUSDT,-0.97637457,-0.03647647,0.00000000,-0.00000069,0.01838648,-0.00002018,-0.00035314,0.00000000,0.00000051,0.50000000,81065.96500000,0
1778818180524589000,BTCUSDT,-0.97637457,-0.03647647,0.00000000,-0.00000033,0.01838648,-0.00001939,-0.00035469,0.00000000,0.00000051,0.50000000,81065.96500000,0
1778818180624024000,BTCUSDT,-0.97637457,-0.03647647,0.00000000,-0.00000001,0.01838648,-0.00001863,-0.00035603,0.00000000,0.00000051,0.50000000,81065.96500000,0
1778818180724090000,BTCUSDT,-0.97637457,-0.03647647,0.00000000,0.00000026,0.01838648,-0.00001790,-0.00035719,0.00000000,0.00000051,0.50000000,81065.96500000,0
1778818180824293000,BTCUSDT,-0.97637457,-0.03647647,0.00000000,0.00000049,0.01838648,-0.00001720,-0.00035820,0.00000000,0.00000051,0.50000000,81065.96500000,0
1778818180924786000,BTCUSDT,-0.97637457,-0.03647647,0.00000000,0.00000067,0.01838648,-0.00001652,-0.00035908,0.00000000,0.00000051,0.50000000,81065.96500000,0
1778818181025741000,BTCUSDT,-0.97637457,-0.03647647,0.00000000,0.00000083,0.01838648,-0.00001587,-0.00035984,0.00000000,0.00000051,0.50000000,81065.96500000,0
1778818181128210000,BTCUSDT,-0.62271529,-0.03647647,0.00000000,0.00000094,0.26437482,-0.00001525,-0.00036049,0.00000000,0.00000051,0.50000000,81065.96500000,0
1778818181228548000,BTCUSDT,-0.53585410,-0.03647647,0.00000000,0.00000103,0.31759825,-0.00001465,-0.00036106,0.00000000,0.00000051,0.50000000,81065.96500000,0
1778818181333736000,BTCUSDT,-0.60330814,-0.03647647,0.00000000,0.00000110,0.27646285,-0.00001408,-0.00036156,0.00000000,0.00000051,0.50000000,81065.96500000,0
1778818181424864000,BTCUSDT,-0.60941398,-0.03647647,0.00000000,0.00000114,0.27267393,-0.00001353,-0.00036198,0.00000000,0.00000051,0.50000000,81065.96500000,0
1778818181525989000,BTCUSDT,-0.60370600,-0.03647647,0.00000000,0.00000116,0.27613428,-0.00001300,-0.00036236,0.00000000,0.00000051,0.50000000,81065.96500000,0
1778818181625341000,BTCUSDT,-0.60383844,-0.03647647,0.00000000,0.00000117,0.27605227,-0.00001249,-0.00036268,0.00000000,0.00000051,0.50000000,81065.96500000,0
1778818181724941000,BTCUSDT,-0.60383844,-0.03647647,0.00000000,0.00000117,0.27605227,-0.00001200,-0.00036295,0.00000000,0.00000051,0.50000000,81065.96500000,0
1778818181825858000,BTCUSDT,-0.90268219,-0.03647647,0.00000000,0.00000115,0.06366572,-0.00001153,-0.00036320,0.00000000,0.00000051,0.50000000,81065.96500000,0
1778818181925376000,BTCUSDT,-0.90269816,-0.03647647,0.00000000,0.00000113,0.04641242,-0.00001107,-0.00036341,0.00000000,0.00000051,0.50000000,81065.96500000,0
1778818182025090000,BTCUSDT,-0.82856786,-0.03647647,0.00000000,0.00000110,0.09826162,-0.00001064,-0.00036359,0.00000000,0.00000051,0.50000000,81065.96500000,0
1778818182124722000,BTCUSDT,-0.61218864,-0.03647647,0.00000000,0.00000107,0.25452837,-0.00001022,-0.00036374,0.00000000,0.00000051,0.50000000,81065.96500000,0
1778818182226675000,BTCUSDT,-0.61231548,-0.03647647,0.00000000,0.00000103,0.27088016,-0.00000982,-0.00036388,0.00000000,0.00000051,0.50000000,81065.96500000,0
1778818182325755000,BTCUSDT,-0.61453056,-0.03647647,0.00000000,0.00000099,0.26925465,-0.00000944,-0.00036400,0.00000000,0.00000051,0.50000000,81065.96500000,0
1778818182425241000,BTCUSDT,-0.61453056,-0.03647647,0.00000000,0.00000094,0.26925465,-0.00000907,-0.00036410,0.00000000,0.00000051,0.50000000,81065.96500000,0
1778818182524329000,BTCUSDT,-0.61440521,-0.03647647,0.00000000,0.00000090,0.26941073,-0.00000871,-0.00036419,0.00000000,0.00000051,0.50000000,81065.96500000,0
1778818182625085000,BTCUSDT,-0.85629427,-0.03647647,0.00000000,0.00000085,0.10776519,-0.00000837,-0.00036427,0.00000000,0.00000051,0.50000000,81065.96500000,0
1778818182724204000,BTCUSDT,-0.85632908,-0.03647647,0.00000000,0.00000081,0.10774020,-0.00000804,-0.00036433,0.00000000,0.00000051,0.50000000,81065.96500000,0
1778818182824491000,BTCUSDT,-0.85632908,-0.03647647,0.00000000,0.00000077,0.08059362,-0.00000773,-0.00036439,0.00000000,0.00000051,0.50000000,81065.96500000,0
1778818182924465000,BTCUSDT,-0.85632908,-0.03647647,0.00000000,0.00000072,0.08059362,-0.00000742,-0.00036444,0.00000000,0.00000051,0.50000000,81065.96500000,0
1778818183025386000,BTCUSDT,-0.85632908,-0.03647647,0.00000000,0.00000068,0.08059362,-0.00000713,-0.00036448,0.00000000,0.00000051,0.50000000,81065.96500000,0
1778818183124453000,BTCUSDT,-0.85632908,-0.03647647,0.00000000,0.00000064,0.08059362,-0.00000685,-0.00036452,0.00000000,0.00000051,0.50000000,81065.96500000,0
1778818183224956000,BTCUSDT,-0.91992354,-0.03647647,0.00000000,0.00000060,0.05138615,-0.00000658,-0.00036455,0.00000000,0.00000051,0.50000000,81065.96500000,0
1778818183324971000,BTCUSDT,-0.91992354,-0.03647647,0.00000000,0.00000057,0.04651495,-0.00000633,-0.00036458,0.00000000,0.00000051,0.50000000,81065.96500000,0
1778818183426654000,BTCUSDT,-0.90209657,-0.03647647,0.00000000,0.00000053,0.05425103,-0.00000608,-0.00036461,0.00000000,0.00000051,0.50000000,81065.96500000,0
1778818183524686000,BTCUSDT,-0.61453056,-0.03647647,0.00000000,0.00000050,0.26948887,-0.00000584,-0.00036463,0.00000000,0.00000051,0.50000000,81065.96500000,0
1778818183624467000,BTCUSDT,-0.61453056,-0.03647647,0.00000000,0.00000046,0.26948887,-0.00000561,-0.00036465,0.00000000,0.00000051,0.50000000,81065.96500000,0
1778818183724872000,BTCUSDT,-0.60715806,-0.03647647,0.00000000,0.00000043,0.27407533,-0.00000539,-0.00036466,0.00000000,0.00000051,0.50000000,81065.96500000,0
1778818183824758000,BTCUSDT,-0.60715806,-0.03647647,0.00000000,0.00000040,0.27407533,-0.00000518,-0.00036468,0.00000000,0.00000051,0.50000000,81065.96500000,0
1778818183924767000,BTCUSDT,-0.61302054,-0.03647647,0.00000000,0.00000038,0.27050850,-0.00000498,-0.00036469,0.00000000,0.00000051,0.50000000,81065.96500000,0
1778818184025634000,BTCUSDT,-0.61289418,-0.03647647,0.00000000,0.00000035,0.27058727,-0.00000478,-0.00036470,0.00000000,0.00000051,0.50000000,81065.96500000,0
1778818184124632000,BTCUSDT,-0.61289418,-0.03647647,0.00000000,0.00000033,0.27058727,-0.00000459,-0.00036471,0.00000000,0.00000051,0.50000000,81065.96500000,0
1778818184224783000,BTCUSDT,-0.61302054,-0.03647647,0.00000000,0.00000031,0.27027252,-0.00000441,-0.00036471,0.00000000,0.00000051,0.50000000,81065.96500000,0
1778818184324916000,BTCUSDT,-0.61289418,-0.03647647,0.00000000,0.00000028,0.27042979,-0.00000424,-0.00036472,0.00000000,0.00000051,0.50000000,81065.96500000,0
1778818184424748000,BTCUSDT,-0.61302054,-0.03647647,0.00000000,0.00000026,0.27027252,-0.00000407,-0.00036473,0.00000000,0.00000051,0.50000000,81065.96500000,0
1778818184524321000,BTCUSDT,-0.61302054,-0.03647647,0.00000000,0.00000025,0.27027252,-0.00000391,-0.00036473,0.00000000,0.00000051,0.50000000,81065.96500000,0
1778818184625288000,BTCUSDT,-0.61302054,-0.03647647,0.00000000,0.00000023,0.27027252,-0.00000376,-0.00036474,0.00000000,0.00000051,0.50000000,81065.96500000,0
1778818184724881000,BTCUSDT,-0.61302054,-0.03647647,0.00000000,0.00000021,0.27027252,-0.00000361,-0.00036474,0.00000000,0.00000051,0.50000000,81065.96500000,0
1778818184824547000,BTCUSDT,-0.61302054,-0.03647647,0.00000000,0.00000020,0.27027252,-0.00000347,-0.00036474,0.00000000,0.00000051,0.50000000,81065.96500000,0
1778818184928551000,BTCUSDT,-0.61302054,-0.03647647,0.00000000,0.00000018,0.27027252,-0.00000334,-0.00036475,0.00000000,0.00000051,0.50000000,81065.96500000,0
1778818185024550000,BTCUSDT,-0.61302054,-0.03647647,0.00000000,0.00000017,0.27027252,-0.00000320,-0.00036475,0.00000000,0.00000051,0.50000000,81065.96500000,0
1778818185125344000,BTCUSDT,-0.61302054,-0.03647647,0.00000000,0.00000016,0.27027252,-0.00000308,-0.00036475,0.00000000,0.00000051,0.50000000,81065.96500000,0
1778818185224691000,BTCUSDT,-0.61302054,-0.03647647,0.00000000,0.00000015,0.27027252,-0.00000296,-0.00036475,0.00000000,0.00000051,0.50000000,81065.96500000,0
1778818185326113000,BTCUSDT,-0.61302054,-0.03647647,0.00000000,0.00000014,0.27027252,-0.00000284,-0.00036475,0.00000000,0.00000051,0.50000000,81065.96500000,0
1778818185426931000,BTCUSDT,-0.61302054,-0.03647647,0.00000000,0.00000013,0.27027252,-0.00000273,-0.00036476,0.00000000,0.00000051,0.50000000,81065.96500000,0
1778818185524956000,BTCUSDT,-0.61302054,-0.03647647,0.00000000,0.00000012,0.27027252,-0.00000262,-0.00036476,0.00000000,0.00000051,0.50000000,81065.96500000,0
1778818185626548000,BTCUSDT,-0.61302054,-0.03647647,0.00000000,0.00000011,0.27027252,-0.00000252,-0.00036476,0.00000000,0.00000051,0.50000000,81065.96500000,0
1778818185725734000,BTCUSDT,-0.61302054,-0.03647647,0.00000000,0.00000010,0.27027252,-0.00000242,-0.00036476,0.00000000,0.00000051,0.50000000,81065.96500000,0
1778818185824020000,BTCUSDT,-0.61302054,-0.03647647,0.00000000,0.00000009,0.27027252,-0.00000233,-0.00036476,0.00000000,0.00000051,0.50000000,81065.96500000,0
1778818185925555000,BTCUSDT,-0.60715806,-0.03647647,0.00000000,0.00000009,0.27391377,-0.00000224,-0.00036476,0.00000000,0.00000051,0.50000000,81065.96500000,0
1778818186029377000,BTCUSDT,-0.61302054,-0.03647647,0.00000000,0.00000008,0.27027252,-0.00000215,-0.00036476,0.00000000,0.00000051,0.50000000,81065.96500000,0
1778818186125216000,BTCUSDT,-0.61302054,-0.03647647,0.00000000,0.00000007,0.27027252,-0.00000206,-0.00036476,0.00000000,0.00000051,0.50000000,81065.96500000,0
1778818186224957000,BTCUSDT,-0.61302054,-0.03647647,0.00000000,0.00000007,0.27027252,-0.00000198,-0.00036476,0.00000000,0.00000051,0.50000000,81065.96500000,0
1778818186326307000,BTCUSDT,-0.61274970,-0.03647647,0.00000000,0.00000006,0.27044103,-0.00000190,-0.00036476,0.00000000,0.00000051,0.50000000,81065.96500000,0
1778818186424185000,BTCUSDT,-0.61274970,-0.03647647,0.00000000,0.00000006,0.27044103,-0.00000183,-0.00036476,0.00000000,0.00000051,0.50000000,81065.96500000,0
1778818186524767000,BTCUSDT,-0.54073501,-0.03647647,0.00000000,0.00000005,0.31434506,-0.00000176,-0.00036476,0.00000000,0.00000051,0.50000000,81065.96500000,0
1778818186626157000,BTCUSDT,-0.53756130,-0.03647647,0.00000000,0.00000005,0.31623974,-0.00000169,-0.00036476,0.00000000,0.00000051,0.50000000,81065.96500000,0
1778818186726020000,BTCUSDT,-0.53720021,-0.03647647,0.00000000,0.00000005,0.31656286,-0.00000162,-0.00036476,0.00000000,0.00000051,0.50000000,81065.96500000,0
1778818186823653000,BTCUSDT,-0.53720021,-0.03647647,0.00000000,0.00000004,0.31679407,-0.00000156,-0.00036476,0.00000000,0.00000051,0.50000000,81065.96500000,0
1778818186923912000,BTCUSDT,-0.53720021,-0.03647647,0.00000000,0.00000004,0.31679407,-0.00000150,-0.00036476,0.00000000,0.00000051,0.50000000,81065.96500000,0
1778818187024487000,BTCUSDT,-0.53720021,-0.03647647,0.00000000,0.00000004,0.31679407,-0.00000144,-0.00036476,0.00000000,0.00000051,0.50000000,81065.96500000,0
1778818187125359000,BTCUSDT,-0.60429186,-0.03647647,0.00000000,0.00000003,0.27594689,-0.00000138,-0.00036476,0.00000000,0.00000051,0.50000000,81065.96500000,0
1778818187225471000,BTCUSDT,-0.60646874,-0.03647647,0.00000000,0.00000003,0.27459589,-0.00000133,-0.00036476,0.00000000,0.00000051,0.50000000,81065.96500000,0
1778818187325441000,BTCUSDT,-0.60646874,-0.03647647,0.00000000,0.00000003,0.27459589,-0.00000128,-0.00036476,0.00000000,0.00000051,0.50000000,81065.96500000,0
1778818187427510000,BTCUSDT,-0.60495120,-0.03647647,0.00000000,0.00000003,0.27528137,-0.00000123,-0.00036476,0.00000000,0.00000051,0.50000000,81065.96500000,0
1778818187524578000,BTCUSDT,-0.60508281,-0.03647647,0.00000000,0.00000003,0.27519986,-0.00000118,-0.00036476,0.00000000,0.00000051,0.50000000,81065.96500000,0
1778818187641464000,BTCUSDT,-0.60521436,-0.03647647,0.00000000,0.00000002,0.27511841,-0.00000113,-0.00036476,0.00000000,0.00000051,0.50000000,81065.96500000,0
1778818187727742000,BTCUSDT,-0.60504520,-0.03647647,0.00000000,0.00000002,0.27522314,-0.00000109,-0.00036476,0.00000000,0.00000051,0.50000000,81065.96500000,0
1778818187824769000,BTCUSDT,-0.60504520,-0.03647647,0.00000000,0.00000002,0.27522314,-0.00000105,-0.00036476,0.00000000,0.00000051,0.50000000,81065.96500000,0
1778818187948354000,BTCUSDT,-0.53523022,-0.03647647,0.00000000,0.00000002,0.31762925,-0.00000100,-0.00036476,0.00000000,0.00000051,0.50000000,81065.96500000,0
1778818188058485000,BTCUSDT,-0.53504789,-0.03647647,0.00000000,0.00000002,0.31784651,-0.00000096,-0.00036476,0.00000000,0.00000051,0.50000000,81065.96500000,0
1778818188196506000,BTCUSDT,-0.53504789,-0.03647647,0.00000000,0.00000002,0.31784651,-0.00000093,-0.00036476,0.00000000,0.00000051,0.50000000,81065.96500000,0
1778818188319021000,BTCUSDT,-0.53504789,-0.03647647,0.00000000,0.00000001,0.31784651,-0.00000089,-0.00036476,0.00000000,0.00000051,0.50000000,81065.96500000,0
1778818188329496000,BTCUSDT,-0.53504789,-0.03647647,0.00000000,0.00000001,0.31784651,-0.00000086,-0.00036476,0.00000000,0.00000051,0.50000000,81065.96500000,0
1778818188444012000,BTCUSDT,-0.53523022,-0.03647647,0.00000000,0.00000001,0.31762925,-0.00000082,-0.00036476,0.00000000,0.00000051,0.50000000,81065.96500000,0
1778818188608478000,BTCUSDT,-0.53279656,-0.03647647,0.00000000,0.00000001,0.31920323,-0.00000079,-0.00036476,0.00000000,0.00000051,0.50000000,81065.96500000,0
1778818188623891000,BTCUSDT,-0.53261238,-0.03647647,0.00000000,0.00000001,0.31942263,-0.00000076,-0.00036476,0.00000000,0.00000051,0.50000000,81065.96500000,0
1778818188792473000,BTCUSDT,-0.53261238,-0.03647647,0.00000000,0.00000001,0.31942263,-0.00000073,-0.00036476,0.00000000,0.00000051,0.50000000,81065.96500000,0
1778818188824664000,BTCUSDT,-0.53261238,-0.03647647,0.00000000,0.00000001,0.31942263,-0.00000070,-0.00036476,0.00000000,0.00000051,0.50000000,81065.96500000,0
1778818188964062000,BTCUSDT,-0.53205889,-0.03647647,0.00000000,0.00000001,0.31986234,-0.00000067,-0.00036476,0.00000000,0.00000051,0.50000000,81065.96500000,0
1778818189125628000,BTCUSDT,-0.60801172,-0.03647647,0.00000000,0.00000001,0.27355674,-0.00000065,-0.00036476,0.00000000,0.00000051,0.50000000,81065.96500000,0
1778818189129364000,BTCUSDT,-0.60889852,-0.03647647,0.00000000,0.00000001,0.27300575,-0.00000062,-0.00036476,0.00000000,0.00000051,0.50000000,81065.96500000,0
1778818189301388000,BTCUSDT,-0.60889852,-0.03647647,0.00000000,0.00000001,0.27300575,-0.00000060,-0.00036476,0.00000000,0.00000051,0.50000000,81065.96500000,0
1778818189325023000,BTCUSDT,-0.60889852,-0.03647647,0.00000000,0.00000001,0.12084177,-0.00000057,-0.00036476,0.00000000,0.00000051,0.50000000,81065.96500000,0
1778818189487404000,BTCUSDT,-0.60889852,-0.03647647,0.00000000,0.00000001,0.09192511,-0.00000055,-0.00036476,0.00000000,0.00000051,0.50000000,81065.96500000,0
1778818189641428000,BTCUSDT,-0.60889852,-0.03647647,0.00000000,0.00000001,0.16593128,-0.00000053,-0.00036476,0.00000000,0.00000051,0.50000000,81065.96500000,0
1778818189643017000,BTCUSDT,-0.53190047,-0.03647647,0.00000000,0.00000001,0.31995672,-0.00000051,-0.00036476,0.00000000,0.00000051,0.50000000,81065.96500000,0
1778818189819433000,BTCUSDT,-0.53226990,-0.03647647,0.00000000,0.00000000,0.31939125,-0.00000049,-0.00036476,0.00000000,0.00000051,0.50000000,81065.96500000,0
1778818189877624000,BTCUSDT,-0.53226990,-0.03647647,0.00000000,0.00000000,0.31939125,-0.00000047,-0.00036476,0.00000000,0.00000051,0.50000000,81065.96500000,0
1778818189983486000,BTCUSDT,-0.60082740,-0.03647647,0.00000000,0.00000000,0.27783233,-0.00000045,-0.00036476,0.00000000,0.00000051,0.50000000,81065.96500000,0
1778818190071159000,BTCUSDT,-0.60069293,-0.03647647,0.00000000,0.00000000,0.27791542,-0.00000043,-0.00036476,0.00000000,0.00000051,0.50000000,81065.96500000,0
1778818190184139000,BTCUSDT,-0.60069293,-0.03647647,0.00000000,0.00000000,0.27791542,-0.00000042,-0.00036476,0.00000000,0.00000051,0.50000000,81065.96500000,0
1778818190224545000,BTCUSDT,-0.60069293,-0.03647647,0.00000000,0.00000000,0.27791542,-0.00000040,-0.00036476,0.00000000,0.00000051,0.50000000,81065.96500000,0
1778818190352266000,BTCUSDT,-0.60069293,-0.03647647,0.00000000,0.00000000,0.27791542,-0.00000038,-0.00036476,0.00000000,0.00000051,0.50000000,81065.96500000,0
1778818190429552000,BTCUSDT,-0.60069293,-0.03647647,0.00000000,0.00000000,0.27791542,-0.00000037,-0.00036476,0.00000000,0.00000051,0.50000000,81065.96500000,0
1778818190569519000,BTCUSDT,-0.60069293,-0.03647647,0.00000000,0.00000000,0.27791542,-0.00000035,-0.00036476,0.00000000,0.00000051,0.50000000,81065.96500000,0
1778818190646020000,BTCUSDT,-0.60069293,-0.03647647,0.00000000,0.00000000,0.27791542,-0.00000034,-0.00036476,0.00000000,0.00000051,0.50000000,81065.96500000,0
1778818190777525000,BTCUSDT,-0.60069293,-0.03647647,0.00000000,0.00000000,0.27791542,-0.00000033,-0.00036476,0.00000000,0.00000051,0.50000000,81065.96500000,0
1778818190956029000,BTCUSDT,-0.60069293,-0.03647647,0.00000000,0.00000000,0.27791542,-0.00000031,-0.00036476,0.00000000,0.00000051,0.50000000,81065.96500000,0
1778818190956305000,BTCUSDT,-0.60069293,-0.03647647,0.00000000,0.00000000,0.27791542,-0.00000030,-0.00036476,0.00000000,0.00000051,0.50000000,81065.96500000,0
1778818191033520000,BTCUSDT,-0.60069293,-0.03647647,0.00000000,0.00000000,0.27791542,-0.00000029,-0.00036476,0.00000000,0.00000051,0.50000000,81065.96500000,0
1778818191165001000,BTCUSDT,-0.60674852,-0.03647647,0.00000000,0.00000000,0.27416772,-0.00000028,-0.00036476,0.00000000,0.00000051,0.50000000,81065.96500000,0
1778818191266643000,BTCUSDT,-0.60674852,-0.03647647,0.00000000,0.00000000,0.27416772,-0.00000027,-0.00036476,0.00000000,0.00000051,0.50000000,81065.96500000,0
1778818191400173000,BTCUSDT,-0.60687894,-0.03647647,0.00000000,0.00000000,0.27400607,-0.00000026,-0.00036476,0.00000000,0.00000051,0.50000000,81065.96500000,0
1778818191425286000,BTCUSDT,-0.60687894,-0.03647647,0.00000000,0.00000000,0.27400607,-0.00000025,-0.00036476,0.00000000,0.00000051,0.50000000,81065.96500000,0
1778818191579111000,BTCUSDT,-0.60687894,-0.03647647,0.00000000,0.00000000,0.27400607,-0.00000024,-0.00036476,0.00000000,0.00000051,0.50000000,81065.96500000,0
1778818191754369000,BTCUSDT,-0.60687894,-0.03647647,0.00000000,0.00000000,0.27400607,-0.00000023,-0.00036476,0.00000000,0.00000051,0.50000000,81065.96500000,0
1778818191756284000,BTCUSDT,-0.60687894,-0.03647647,0.00000000,0.00000000,0.27400607,-0.00000022,-0.00036476,0.00000000,0.00000051,0.50000000,81065.96500000,0
1778818191935671000,BTCUSDT,-0.60687894,-0.03647647,0.00000000,0.00000000,0.27400607,-0.00000021,-0.00036476,0.00000000,0.00000051,0.50000000,81065.96500000,0
1778818191940951000,BTCUSDT,-0.60687894,-0.03647647,0.00000000,0.00000000,0.27400607,-0.00000020,-0.00036476,0.00000000,0.00000051,0.50000000,81065.96500000,0
1778818192108758000,BTCUSDT,-0.60687894,-0.03647647,0.00000000,0.00000000,0.27400607,-0.00000019,-0.00036476,0.00000000,0.00000051,0.50000000,81065.96500000,0
1778818192124624000,BTCUSDT,-0.60687894,-0.03647647,0.00000000,0.00000000,0.27400607,-0.00000019,-0.00036476,0.00000000,0.00000051,0.50000000,81065.96500000,0
1778818192287103000,BTCUSDT,-0.60687894,-0.03647647,0.00000000,0.00000000,0.15486789,-0.00000018,-0.00036476,0.00000000,0.00000051,0.50000000,81065.96500000,0
1778818192325361000,BTCUSDT,-0.60687894,-0.03647647,0.00000000,0.00000000,0.11644890,-0.00000017,-0.00036476,0.00000000,0.00000051,0.50000000,81065.96500000,0
1778818192465370000,BTCUSDT,-0.60700923,-0.03647647,0.00000000,0.00000000,0.17419942,-0.00000017,-0.00036476,0.00000000,0.00000051,0.50000000,81065.96500000,0
1778818192639868000,BTCUSDT,-0.60700923,-0.03647647,0.00000000,0.00000000,0.17330386,-0.00000016,-0.00036476,0.00000000,0.00000051,0.50000000,81065.96500000,0
1778818192640115000,BTCUSDT,-0.60700923,-0.03647647,0.00000000,0.00000000,0.17330386,-0.00000015,-0.00036476,0.00000000,0.00000051,0.50000000,81065.96500000,0
1778818192723948000,BTCUSDT,-0.60700923,-0.03647647,0.00000000,0.00000000,0.17330386,-0.00000015,-0.00036476,0.00000000,0.00000051,0.50000000,81065.96500000,0
1778818192824094000,BTCUSDT,-0.60700923,-0.03647647,0.00000000,0.00000000,0.17330386,-0.00000014,-0.00036476,0.00000000,0.00000051,0.50000000,81065.96500000,0
1778818192925917000,BTCUSDT,-0.60700923,-0.03647647,0.00000000,0.00000000,0.17330386,-0.00000014,-0.00036476,0.00000000,0.00000051,0.50000000,81065.96500000,0
1778818193024502000,BTCUSDT,-0.60700923,-0.03647647,0.00000000,0.00000000,0.17330386,-0.00000013,-0.00036476,0.00000000,0.00000051,0.50000000,81065.96500000,0
1778818193128016000,BTCUSDT,-0.60700923,-0.03647647,0.00000000,0.00000000,0.17330386,-0.00000013,-0.00036476,0.00000000,0.00000051,0.50000000,81065.96500000,0
1778818193227280000,BTCUSDT,-0.88933790,-0.03647647,0.00000000,0.00000000,0.04784809,-0.00000012,-0.00036476,0.00000000,0.00000051,0.50000000,81065.96500000,0
1778818193326224000,BTCUSDT,-0.95346409,-0.03647647,0.00000000,0.00000000,0.02951919,-0.00000012,-0.00036476,0.00000000,0.00000051,0.50000000,81065.96500000,0
1778818193426547000,BTCUSDT,-0.95494062,-0.03647647,0.00000000,0.00000000,0.02754819,-0.00000011,-0.00036476,0.00000000,0.00000051,0.50000000,81065.96500000,0
1778818193524638000,BTCUSDT,-0.95120060,-0.03647647,0.00000000,0.00000000,0.03145624,-0.00000011,-0.00036476,0.00000000,0.00000051,0.50000000,81065.96500000,0
1778818193627149000,BTCUSDT,-0.95120662,-0.03647647,0.00000000,0.00000000,0.03608290,-0.00000010,-0.00036476,0.00000000,0.00000051,0.50000000,81065.96500000,0
1778818193728776000,BTCUSDT,-0.95120662,-0.03647647,0.00000000,0.00000000,0.03608290,-0.00000010,-0.00036476,0.00000000,0.00000051,0.50000000,81065.96500000,0
1778818193825155000,BTCUSDT,-0.95663691,-0.03647647,0.00000000,0.00000000,0.03340505,-0.00000009,-0.00036476,0.00000000,0.00000051,0.50000000,81065.96500000,0
1778818194010752000,BTCUSDT,-0.96977282,-0.03647647,0.00000000,0.00000000,0.02257985,-0.00000009,-0.00036476,0.00000000,0.00000051,0.50000000,81065.96500000,0
1778818194026756000,BTCUSDT,-0.96990269,-0.03647647,0.00000000,0.00000000,0.02292540,-0.00000009,-0.00036476,0.00000000,0.00000051,0.50000000,81065.96500000,0
1778818194126214000,BTCUSDT,-0.96983600,-0.03647647,0.00000000,0.00000000,0.02297422,-0.00000008,-0.00036476,0.00000000,0.00000051,0.50000000,81065.96500000,0
1778818194224822000,BTCUSDT,-0.96991175,-0.03647647,0.00000000,0.00000000,0.02291813,-0.00000008,-0.00036476,0.00000000,0.00000051,0.50000000,81065.96500000,0
1778818194325571000,BTCUSDT,-0.96991175,-0.03647647,0.00000000,0.00000000,0.02291757,-0.00000008,-0.00036476,0.00000000,0.00000051,0.50000000,81065.96500000,0
1778818194424490000,BTCUSDT,-0.96991175,-0.03647647,0.00000000,0.00000000,0.02291757,-0.00000007,-0.00036476,0.00000000,0.00000051,0.50000000,81065.96500000,0
1778818194525706000,BTCUSDT,-0.96991175,-0.03647647,0.00000000,0.00000000,0.02296749,-0.00000007,-0.00036476,0.00000000,0.00000051,0.50000000,81065.96500000,0
1778818194624390000,BTCUSDT,-0.96991175,-0.03647647,0.00000000,0.00000000,0.02296749,-0.00000007,-0.00036476,0.00000000,0.00000051,0.50000000,81065.96500000,0
1778818194724721000,BTCUSDT,-0.96991175,-0.03647647,0.00000000,0.00000000,0.02296749,-0.00000007,-0.00036476,0.00000000,0.00000051,0.50000000,81065.96500000,0
1778818194824924000,BTCUSDT,-0.96991175,-0.03647647,0.00000000,0.00000000,0.02296749,-0.00000006,-0.00036476,0.00000000,0.00000051,0.50000000,81065.96500000,0
1778818194924661000,BTCUSDT,-0.96991175,-0.03647647,0.00000000,0.00000000,0.02296749,-0.00000006,-0.00036476,0.00000000,0.00000051,0.50000000,81065.96500000,0
1778818195024941000,BTCUSDT,-0.96991175,-0.03647647,0.00000000,0.00000000,0.02296749,-0.00000006,-0.00036476,0.00000000,0.00000051,0.50000000,81065.96500000,0
1778818195124714000,BTCUSDT,-0.96991175,-0.03647647,0.00000000,0.00000000,0.02296749,-0.00000006,-0.00036476,0.00000000,0.00000051,0.50000000,81065.96500000,0
1778818195225379000,BTCUSDT,-0.96991175,-0.03647647,0.00000000,0.00000000,0.02296749,-0.00000005,-0.00036476,0.00000000,0.00000051,0.50000000,81065.96500000,0
1778818195324819000,BTCUSDT,-0.96991175,-0.03647647,0.00000000,0.00000000,0.02296749,-0.00000005,-0.00036476,0.00000000,0.00000051,0.50000000,81065.96500000,0
1778818195424495000,BTCUSDT,-0.96991175,-0.03647647,0.00000000,0.00000000,0.02296749,-0.00000005,-0.00036476,0.00000000,0.00000051,0.50000000,81065.96500000,0
1778818195525240000,BTCUSDT,-0.96991175,-0.03647647,0.00000000,0.00000000,0.02296749,-0.00000005,-0.00036476,0.00000000,0.00000051,0.50000000,81065.96500000,0
1778818195624584000,BTCUSDT,-0.96991175,-0.03647647,0.00000000,0.00000000,0.02296749,-0.00000005,-0.00036476,0.00000000,0.00000051,0.50000000,81065.96500000,0
1778818195724586000,BTCUSDT,-0.96991175,-0.03647647,0.00000000,0.00000000,0.02296749,-0.00000004,-0.00036476,0.00000000,0.00000051,0.50000000,81065.96500000,0
1778818195824747000,BTCUSDT,-0.96991175,-0.03647647,0.00000000,0.00000000,0.02296749,-0.00000004,-0.00036476,0.00000000,0.00000051,0.50000000,81065.96500000,0
1778818195926229000,BTCUSDT,-0.96991175,-0.03647647,0.00000000,0.00000000,0.02296749,-0.00000004,-0.00036476,0.00000000,0.00000051,0.50000000,81065.96500000,0
1778818196025079000,BTCUSDT,-0.96991175,-0.03647647,0.00000000,0.00000000,0.02296749,-0.00000004,-0.00036476,0.00000000,0.00000051,0.50000000,81065.96500000,0
1778818196124661000,BTCUSDT,-0.96991175,-0.03647647,0.00000000,0.00000000,0.02296749,-0.00000004,-0.00036476,0.00000000,0.00000051,0.50000000,81065.96500000,0
1778818196224575000,BTCUSDT,-0.96991175,-0.03647647,0.00000000,0.00000000,0.02296749,-0.00000004,-0.00036476,0.00000000,0.00000051,0.50000000,81065.96500000,0
1778818196324160000,BTCUSDT,-0.96991175,-0.03647647,0.00000000,0.00000000,0.02296749,-0.00000003,-0.00036476,0.00000000,0.00000051,0.50000000,81065.96500000,0
1778818196424771000,BTCUSDT,-0.96991175,-0.03647647,0.00000000,0.00000000,0.02296749,-0.00000003,-0.00036476,0.00000000,0.00000051,0.50000000,81065.96500000,0
1778818196525239000,BTCUSDT,-0.96990663,-0.03647647,0.00000000,0.00000000,0.02297130,-0.00000003,-0.00036476,0.00000000,0.00000051,0.50000000,81065.96500000,0
1778818196625573000,BTCUSDT,-0.96990663,-0.03647647,0.00000000,0.00000000,0.02297130,-0.00000003,-0.00036476,0.00000000,0.00000051,0.50000000,81065.96500000,0
1778818196726450000,BTCUSDT,-0.96990663,-0.03647647,0.00000000,0.00000000,0.02297130,-0.00000003,-0.00036476,0.00000000,0.00000051,0.50000000,81065.96500000,0
1778818196823900000,BTCUSDT,-0.96990663,-0.03647647,0.00000000,0.00000000,0.02297130,-0.00000003,-0.00036476,0.00000000,0.00000051,0.50000000,81065.96500000,0
1778818196924097000,BTCUSDT,-0.96990663,-0.03647647,0.00000000,0.00000000,0.02297130,-0.00000003,-0.00036476,0.00000000,0.00000051,0.50000000,81065.96500000,0
1778818197024127000,BTCUSDT,-0.96990663,-0.03647647,0.00000000,0.00000000,0.02297130,-0.00000003,-0.00036476,0.00000000,0.00000051,0.50000000,81065.96500000,0
1778818197123973000,BTCUSDT,-0.96985066,-0.03647647,0.00000000,0.00000000,0.02301290,-0.00000003,-0.00036476,0.00000000,0.00000051,0.50000000,81065.96500000,0
1778818197223781000,BTCUSDT,-0.96985066,-0.03647647,0.00000000,0.00000000,0.02301290,-0.00000002,-0.00036476,0.00000000,0.00000051,0.50000000,81065.96500000,0
1778818197325392000,BTCUSDT,-0.96700215,-0.03647647,0.00000000,0.00000000,0.02558617,-0.00000002,-0.00036476,0.00000000,0.00000051,0.50000000,81065.96500000,0
1778818197425593000,BTCUSDT,-0.96700126,-0.03647647,0.00000000,0.00000000,0.02558607,-0.00000002,-0.00036476,0.00000000,0.00000051,0.50000000,81065.96500000,0
1778818197524994000,BTCUSDT,-0.96700126,-0.03647647,0.00000000,0.00000000,0.02558607,-0.00000002,-0.00036476,0.00000000,0.00000051,0.50000000,81065.96500000,0
1778818197625282000,BTCUSDT,-0.96700126,-0.03647647,0.00000000,0.00000000,0.02315673,-0.00000002,-0.00036476,0.00000000,0.00000051,0.50000000,81065.96500000,0
1778818197727272000,BTCUSDT,-0.96068603,-0.03647647,0.00000000,0.00000000,0.03041935,-0.00000002,-0.00036476,0.00000000,0.00000051,0.50000000,81065.96500000,0
1778818197824554000,BTCUSDT,-0.96068603,-0.03647647,0.00000000,0.00000000,0.02740084,-0.00000002,-0.00036476,0.00000000,0.00000051,0.50000000,81065.96500000,0
1778818197925590000,BTCUSDT,-0.96068603,-0.03647647,0.00000000,0.00000000,0.02740003,-0.00000002,-0.00036476,0.00000000,0.00000051,0.50000000,81065.96500000,0
1778818198024477000,BTCUSDT,-0.96068603,-0.03647647,0.00000000,0.00000000,0.02740003,-0.00000002,-0.00036476,0.00000000,0.00000051,0.50000000,81065.96500000,0
1778818198126699000,BTCUSDT,-0.96068603,-0.03647647,0.00000000,0.00000000,0.02740003,-0.00000002,-0.00036476,0.00000000,0.00000051,0.50000000,81065.96500000,0
1778818198226268000,BTCUSDT,-0.96068603,-0.03647647,0.00000000,0.00000000,0.02740003,-0.00000002,-0.00036476,0.00000000,0.00000051,0.50000000,81065.96500000,0
1778818198324219000,BTCUSDT,-0.96068603,-0.03647647,0.00000000,0.00000000,0.02740003,-0.00000002,-0.00036476,0.00000000,0.00000051,0.50000000,81065.96500000,0
1778818198425210000,BTCUSDT,-0.96068603,-0.03647647,0.00000000,0.00000000,0.02739911,-0.00000002,-0.00036476,0.00000000,0.00000051,0.50000000,81065.96500000,0
1778818198524629000,BTCUSDT,-0.96068603,-0.03647647,0.00000000,0.00000000,0.02739911,-0.00000001,-0.00036476,0.00000000,0.00000051,0.50000000,81065.96500000,0
1778818198626789000,BTCUSDT,-0.96068603,-0.03647647,0.00000000,0.00000000,0.02739911,-0.00000001,-0.00036476,0.00000000,0.00000051,0.50000000,81065.96500000,0
1778818198724077000,BTCUSDT,-0.96068603,-0.03647647,0.00000000,0.00000000,0.02739911,-0.00000001,-0.00036476,0.00000000,0.00000051,0.50000000,81065.96500000,0
1778818198824568000,BTCUSDT,-0.96068603,-0.03647647,0.00000000,0.00000000,0.02739911,-0.00000001,-0.00036476,0.00000000,0.00000051,0.50000000,81065.96500000,0
1778818198924268000,BTCUSDT,-0.96068603,-0.03647647,0.00000000,0.00000000,0.02739911,-0.00000001,-0.00036476,0.00000000,0.00000051,0.50000000,81065.96500000,0
1778818199024799000,BTCUSDT,-0.96068603,-0.03647647,0.00000000,0.00000000,0.02739911,-0.00000001,-0.00036476,0.00000000,0.00000051,0.50000000,81065.96500000,0
1778818199127416000,BTCUSDT,-0.96070057,-0.03647647,0.00000000,0.00000000,0.02739011,-0.00000001,-0.00036476,0.00000000,0.00000051,0.50000000,81065.96500000,0
1778818199224819000,BTCUSDT,-0.96070057,-0.03647647,0.00000000,0.00000000,0.02739011,-0.00000001,-0.00036476,0.00000000,0.00000051,0.50000000,81065.96500000,0
1778818199324145000,BTCUSDT,-0.96070057,-0.03647647,0.00000000,0.00000000,0.02739011,-0.00000001,-0.00036476,0.00000000,0.00000051,0.50000000,81065.96500000,0
1778818199424002000,BTCUSDT,-0.96070057,-0.03647647,0.00000000,0.00000000,0.02739011,-0.00000001,-0.00036476,0.00000000,0.00000051,0.50000000,81065.96500000,0
1778818199523937000,BTCUSDT,-0.96070057,-0.03647647,0.00000000,0.00000000,0.02739011,-0.00000001,-0.00036476,0.00000000,0.00000051,0.50000000,81065.96500000,0
1778818199624269000,BTCUSDT,-0.96070057,-0.03647647,0.00000000,0.00000000,0.02739011,-0.00000001,-0.00036476,0.00000000,0.00000051,0.50000000,81065.96500000,0
1778818199724630000,BTCUSDT,-0.96070057,-0.03647647,0.00000000,0.00000000,0.02739011,-0.00000001,-0.00036476,0.00000000,0.00000051,0.50000000,81065.96500000,0
1778818199825002000,BTCUSDT,-0.96070057,-0.03647647,0.00000000,0.00000000,0.02739011,-0.00000001,-0.00036476,0.00000000,0.00000051,0.50000000,81065.96500000,0
1778818199924924000,BTCUSDT,-0.96070057,-0.03647647,0.00000000,0.00000000,0.02739011,-0.00000001,-0.00036476,0.00000000,0.00000051,0.50000000,81065.96500000,0
1778818200024675000,BTCUSDT,-0.96070057,-0.03647647,0.00000000,0.00000000,0.02739011,-0.00000001,-0.00036476,0.00000000,0.00000051,0.50000000,81065.96500000,0
1778818200124958000,BTCUSDT,-0.96070224,-0.03647647,0.00000000,0.00000000,0.02738907,-0.00000001,-0.00036476,0.00000000,0.00000051,0.50000000,81065.96500000,0
1778818200224866000,BTCUSDT,-0.96070224,-0.03647647,0.00000000,0.00000000,0.02738907,-0.00000001,-0.00036476,0.00000000,0.00000051,0.50000000,81065.96500000,0
1778818200324456000,BTCUSDT,-0.96144551,-0.03647647,0.00000000,0.00000000,0.02853033,-0.00000001,-0.00036476,0.00000000,0.00000051,0.50000000,81065.96500000,0
1778818200426203000,BTCUSDT,-0.84723860,-0.03647647,0.00000000,0.00000000,0.11467348,-0.00000001,-0.00036476,0.00000000,0.00000051,0.50000000,81065.96500000,0
1778818200526555000,BTCUSDT,-0.42314911,-0.03647647,0.00000000,0.00000000,0.31278846,-0.00000001,-0.00036476,0.00000000,0.00000051,0.50000000,81065.96500000,0
1778818200626988000,BTCUSDT,-0.32777059,-0.03647647,0.00000000,0.00000000,0.34669083,-0.00000001,-0.00036476,0.00000000,0.00000051,0.50000000,81065.96500000,0
1778818200743336000,BTCUSDT,-0.28217992,-0.03647647,0.00000000,0.00000000,0.45897707,-0.00000001,-0.00036476,0.00000000,0.00000051,0.50000000,81065.96500000,0
1778818200829598000,BTCUSDT,-0.06417052,-0.03056679,0.99999988,0.00000189,0.52847046,0.00002838,-0.00035688,0.00000000,0.00000051,0.50000000,81068.36000000,0
1778818200926195000,BTCUSDT,-0.04191202,-0.03056679,0.99999988,0.00000296,0.53715324,0.00002727,-0.00035005,0.00000000,0.00000051,0.50000000,81068.36000000,0
1778818201026096000,BTCUSDT,-0.68223941,-0.03056679,0.99999988,0.00000347,0.22005750,0.00002620,-0.00034413,0.00000000,0.00000051,0.50000000,81068.36000000,0
1778818201128812000,BTCUSDT,-0.68223941,-0.03056679,0.99999988,0.00000359,0.22002029,0.00002517,-0.00033900,0.00000000,0.00000051,0.50000000,81068.36000000,0
1778818201224682000,BTCUSDT,-0.68210548,-0.03056679,0.99999988,0.00000345,0.22010216,0.00002418,-0.00033456,0.00000000,0.00000051,0.50000000,81068.36000000,0
1778818201324946000,BTCUSDT,-0.68204463,-0.03056679,0.99999988,0.00000315,0.22013940,0.00002323,-0.00033071,0.00000000,0.00000051,0.50000000,81068.36000000,0
1778818201425861000,BTCUSDT,-0.68204463,-0.03056679,0.99999988,0.00000275,0.22013940,0.00002232,-0.00032737,0.00000000,0.00000051,0.50000000,81068.36000000,0
1778818201524786000,BTCUSDT,-0.68204463,-0.03056679,0.99999988,0.00000231,0.22013940,0.00002145,-0.00032447,0.00000000,0.00000051,0.50000000,81068.36000000,0
1778818201625968000,BTCUSDT,-0.68204463,-0.03056679,0.99999988,0.00000185,0.22013940,0.00002061,-0.00032197,0.00000000,0.00000051,0.50000000,81068.36000000,0
1778818201724320000,BTCUSDT,-0.68204463,-0.03056679,0.99999988,0.00000142,0.22013940,0.00001980,-0.00031979,0.00000000,0.00000051,0.50000000,81068.36000000,0
1778818201825111000,BTCUSDT,-0.67782265,-0.03056679,0.99999988,0.00000101,0.22271669,0.00001902,-0.00031791,0.00000000,0.00000051,0.50000000,81068.36000000,0
1778818201924224000,BTCUSDT,-0.67782265,-0.03056679,0.99999988,0.00000063,0.22271669,0.00001828,-0.00031628,0.00000000,0.00000051,0.50000000,81068.36000000,0
1778818202026804000,BTCUSDT,-0.67782265,-0.03056679,0.99999988,0.00000030,0.22271669,0.00001756,-0.00031486,0.00000000,0.00000051,0.50000000,81068.36000000,0
1778818202124631000,BTCUSDT,-0.67791021,-0.03056679,0.99999988,0.00000001,0.22266333,0.00001687,-0.00031364,0.00000000,0.00000051,0.50000000,81068.36000000,0
1778818202224282000,BTCUSDT,-0.67791021,-0.03056679,0.99999988,-0.00000024,0.22266333,0.00001621,-0.00031257,0.00000000,0.00000051,0.50000000,81068.36000000,0
1778818202324203000,BTCUSDT,-0.67791021,-0.03056679,0.99999988,-0.00000044,0.22266333,0.00001557,-0.00031165,0.00000000,0.00000051,0.50000000,81068.36000000,0
1778818202424629000,BTCUSDT,-0.67791021,-0.03056679,0.99999988,-0.00000062,0.22266333,0.00001496,-0.00031086,0.00000000,0.00000051,0.50000000,81068.36000000,0
1778818202525424000,BTCUSDT,-0.67782265,-0.03056679,0.99999988,-0.00000075,0.22271669,0.00001438,-0.00031016,0.00000000,0.00000051,0.50000000,81068.36000000,0
1778818202625058000,BTCUSDT,-0.67782265,-0.03056679,0.99999988,-0.00000086,0.22271669,0.00001381,-0.00030956,0.00000000,0.00000051,0.50000000,81068.36000000,0
1778818202724389000,BTCUSDT,-0.67782265,-0.03056679,0.99999988,-0.00000094,0.22271669,0.00001327,-0.00030904,0.00000000,0.00000051,0.50000000,81068.36000000,0
1778818202825057000,BTCUSDT,-0.67791021,-0.03056679,0.99999988,-0.00000100,0.22266333,0.00001275,-0.00030859,0.00000000,0.00000051,0.50000000,81068.36000000,0
1778818202924823000,BTCUSDT,-0.67791021,-0.03056679,0.99999988,-0.00000104,0.22266333,0.00001225,-0.00030820,0.00000000,0.00000051,0.50000000,81068.36000000,0
1778818203023953000,BTCUSDT,-0.67791021,-0.03056679,0.99999988,-0.00000106,0.22266333,0.00001177,-0.00030787,0.00000000,0.00000051,0.50000000,81068.36000000,0
1778818203124903000,BTCUSDT,-0.67791021,-0.03056679,0.99999988,-0.00000107,0.22266333,0.00001131,-0.00030757,0.00000000,0.00000051,0.50000000,81068.36000000,0
1778818203224351000,BTCUSDT,-0.67791021,-0.03056679,0.99999988,-0.00000107,0.22266333,0.00001086,-0.00030732,0.00000000,0.00000051,0.50000000,81068.36000000,0
1778818203324668000,BTCUSDT,-0.67791021,-0.03056679,0.99999988,-0.00000105,0.22266333,0.00001044,-0.00030710,0.00000000,0.00000051,0.50000000,81068.36000000,0
1778818203424732000,BTCUSDT,-0.67791021,-0.03056679,0.99999988,-0.00000103,0.22266333,0.00001003,-0.00030691,0.00000000,0.00000051,0.50000000,81068.36000000,0
1778818203525231000,BTCUSDT,-0.67791021,-0.03056679,0.99999988,-0.00000100,0.22266333,0.00000964,-0.00030674,0.00000000,0.00000051,0.50000000,81068.36000000,0
1778818203624436000,BTCUSDT,-0.67791021,-0.03056679,0.99999988,-0.00000097,0.22266333,0.00000926,-0.00030660,0.00000000,0.00000051,0.50000000,81068.36000000,0
1778818203724448000,BTCUSDT,-0.67791021,-0.03056679,0.99999988,-0.00000094,0.22266333,0.00000890,-0.00030648,0.00000000,0.00000051,0.50000000,81068.36000000,0
1778818203830030000,BTCUSDT,-0.67791021,-0.03056679,0.99999988,-0.00000090,0.22266333,0.00000855,-0.00030637,0.00000000,0.00000051,0.50000000,81068.36000000,0
1778818203924754000,BTCUSDT,-0.67791021,-0.03056679,0.99999988,-0.00000086,0.22266333,0.00000821,-0.00030627,0.00000000,0.00000051,0.50000000,81068.36000000,0
1778818204025105000,BTCUSDT,-0.67791021,-0.03056679,0.99999988,-0.00000082,0.22266333,0.00000789,-0.00030619,0.00000000,0.00000051,0.50000000,81068.36000000,0
1778818204124872000,BTCUSDT,-0.67791021,-0.03056679,0.99999988,-0.00000078,0.22266333,0.00000758,-0.00030612,0.00000000,0.00000051,0.50000000,81068.36000000,0
1778818204224000000,BTCUSDT,-0.67791021,-0.03056679,0.99999988,-0.00000074,0.22266333,0.00000728,-0.00030606,0.00000000,0.00000051,0.50000000,81068.36000000,0
1778818204326488000,BTCUSDT,-0.67791021,-0.03056679,0.99999988,-0.00000070,0.22266333,0.00000700,-0.00030601,0.00000000,0.00000051,0.50000000,81068.36000000,0
1778818204425344000,BTCUSDT,-0.67791021,-0.03056679,0.99999988,-0.00000066,0.22266333,0.00000672,-0.00030596,0.00000000,0.00000051,0.50000000,81068.36000000,0
1778818204525335000,BTCUSDT,-0.67791021,-0.03056679,0.99999988,-0.00000062,0.22266333,0.00000646,-0.00030592,0.00000000,0.00000051,0.50000000,81068.36000000,0
1778818204625077000,BTCUSDT,-0.67791021,-0.03056679,0.99999988,-0.00000059,0.22266333,0.00000621,-0.00030589,0.00000000,0.00000051,0.50000000,81068.36000000,0
1778818204724163000,BTCUSDT,-0.67742187,-0.03056679,0.99999988,-0.00000055,0.22296093,0.00000596,-0.00030586,0.00000000,0.00000051,0.50000000,81068.36000000,0
1778818204824419000,BTCUSDT,-0.67742187,-0.03056679,0.99999988,-0.00000052,0.22296093,0.00000573,-0.00030584,0.00000000,0.00000051,0.50000000,81068.36000000,0
1778818204934408000,BTCUSDT,-0.67742187,-0.03056679,0.99999988,-0.00000048,0.22296093,0.00000550,-0.00030581,0.00000000,0.00000051,0.50000000,81068.36000000,0
1778818205024428000,BTCUSDT,-0.67742187,-0.03056679,0.99999988,-0.00000045,0.22296093,0.00000529,-0.00030579,0.00000000,0.00000051,0.50000000,81068.36000000,0
1778818205124381000,BTCUSDT,-0.67742187,-0.03056679,0.99999988,-0.00000042,0.22296093,0.00000508,-0.00030578,0.00000000,0.00000051,0.50000000,81068.36000000,0
1778818205225182000,BTCUSDT,-0.67742187,-0.03056679,0.99999988,-0.00000040,0.22296093,0.00000488,-0.00030576,0.00000000,0.00000051,0.50000000,81068.36000000,0
1778818205325167000,BTCUSDT,-0.67742187,-0.03056679,0.99999988,-0.00000037,0.22296093,0.00000469,-0.00030575,0.00000000,0.00000051,0.50000000,81068.36000000,0
1778818205424581000,BTCUSDT,-0.67742187,-0.03056679,0.99999988,-0.00000034,0.22296093,0.00000451,-0.00030574,0.00000000,0.00000051,0.50000000,81068.36000000,0
1778818205529366000,BTCUSDT,-0.67742187,-0.03056679,0.99999988,-0.00000032,0.22296093,0.00000433,-0.00030573,0.00000000,0.00000051,0.50000000,81068.36000000,0
1778818205626199000,BTCUSDT,-0.67742187,-0.03056679,0.99999988,-0.00000030,0.22296093,0.00000416,-0.00030572,0.00000000,0.00000051,0.50000000,81068.36000000,0
1778818205724023000,BTCUSDT,-0.67742187,-0.03056679,0.99999988,-0.00000028,0.22296093,0.00000400,-0.00030571,0.00000000,0.00000051,0.50000000,81068.36000000,0
1778818205826304000,BTCUSDT,-0.67728388,-0.03056679,0.99999988,-0.00000026,0.22304501,0.00000384,-0.00030571,0.00000000,0.00000051,0.50000000,81068.36000000,0
1778818205925032000,BTCUSDT,-0.67728388,-0.03056679,0.99999988,-0.00000024,0.22304501,0.00000369,-0.00030570,0.00000000,0.00000051,0.50000000,81068.36000000,0
1778818206024475000,BTCUSDT,-0.67719597,-0.03056679,0.99999988,-0.00000022,0.22304501,0.00000354,-0.00030570,0.00000000,0.00000051,0.50000000,81068.36000000,0
1778818206125356000,BTCUSDT,-0.67719597,-0.03056679,0.99999988,-0.00000021,0.22304501,0.00000341,-0.00030569,0.00000000,0.00000051,0.50000000,81068.36000000,0
1778818206224257000,BTCUSDT,-0.67719597,-0.03056679,0.99999988,-0.00000019,0.22304501,0.00000327,-0.00030569,0.00000000,0.00000051,0.50000000,81068.36000000,0
1778818206324086000,BTCUSDT,-0.67719597,-0.03056679,0.99999988,-0.00000018,0.22304501,0.00000314,-0.00030569,0.00000000,0.00000051,0.50000000,81068.36000000,0
1778818206425759000,BTCUSDT,-0.85683233,-0.02999929,1.00000000,0.00000001,0.01825021,0.00000575,-0.00030493,0.00000000,0.00000051,0.50000000,81068.59000000,0
1778818206525193000,BTCUSDT,-0.65785676,-0.02999929,1.00000000,0.00000013,0.02015602,0.00000552,-0.00030427,0.00000000,0.00000051,0.50000000,81068.59000000,0
1778818206626157000,BTCUSDT,0.48046386,-0.02999929,1.00000000,0.00000019,0.02029004,0.00000530,-0.00030370,0.00000000,0.00000051,0.50000000,81068.59000000,0
1778818206724335000,BTCUSDT,-0.68158096,-0.02999929,1.00000000,0.00000021,0.01907331,0.00000510,-0.00030321,0.00000000,0.00000051,0.50000000,81068.59000000,0
1778818206827742000,BTCUSDT,0.48046386,-0.02999929,1.00000000,0.00000021,0.02029004,0.00000490,-0.00030278,0.00000000,0.00000051,0.50000000,81068.59000000,0
1778818206928304000,BTCUSDT,0.99663138,-0.02883961,1.00000000,0.00000056,0.01941556,0.00001027,-0.00030086,0.00000000,0.00000051,0.50000000,81069.06000000,0
1778818207027053000,BTCUSDT,0.99663138,-0.02883961,1.00000000,0.00000074,0.01941556,0.00000987,-0.00029920,0.00000000,0.00000051,0.50000000,81069.06000000,0
1778818207126926000,BTCUSDT,0.99663138,-0.02883961,1.00000000,0.00000080,0.01941556,0.00000948,-0.00029776,0.00000000,0.00000051,0.50000000,81069.06000000,0
1778818207225065000,BTCUSDT,0.99663138,-0.02883961,1.00000000,0.00000079,0.01941556,0.00000911,-0.00029651,0.00000000,0.00000051,0.50000000,81069.06000000,0
1778818207325848000,BTCUSDT,0.99663138,-0.02883961,1.00000000,0.00000073,0.01941556,0.00000876,-0.00029543,0.00000000,0.00000051,0.50000000,81069.06000000,0
1778818207424452000,BTCUSDT,0.99663138,-0.02883961,1.00000000,0.00000064,0.01941556,0.00000841,-0.00029449,0.00000000,0.00000051,0.50000000,81069.06000000,0
1778818207525111000,BTCUSDT,0.99663138,-0.02883961,1.00000000,0.00000053,0.01941556,0.00000808,-0.00029368,0.00000000,0.00000051,0.50000000,81069.06000000,0
1778818207624402000,BTCUSDT,0.99663138,-0.02883961,1.00000000,0.00000041,0.01941556,0.00000777,-0.00029297,0.00000000,0.00000051,0.50000000,81069.06000000,0
1778818207724366000,BTCUSDT,0.99663138,-0.02883961,1.00000000,0.00000030,0.01941556,0.00000746,-0.00029236,0.00000000,0.00000051,0.50000000,81069.06000000,0
1778818207826095000,BTCUSDT,0.99663138,-0.02883961,1.00000000,0.00000020,0.01941556,0.00000717,-0.00029183,0.00000000,0.00000051,0.50000000,81069.06000000,0
1778818207924488000,BTCUSDT,0.99663138,-0.02883961,1.00000000,0.00000010,0.01941556,0.00000689,-0.00029138,0.00000000,0.00000051,0.50000000,81069.06000000,0
1778818208025488000,BTCUSDT,0.99663138,-0.02883961,1.00000000,0.00000002,0.01941556,0.00000662,-0.00029098,0.00000000,0.00000051,0.50000000,81069.06000000,0
1778818208124572000,BTCUSDT,0.99663138,-0.02883961,1.00000000,-0.00000006,0.01941556,0.00000636,-0.00029063,0.00000000,0.00000051,0.50000000,81069.06000000,0
1778818208224750000,BTCUSDT,0.99663138,-0.02883961,1.00000000,-0.00000012,0.01941556,0.00000611,-0.00029034,0.00000000,0.00000051,0.50000000,81069.06000000,0
1778818208324117000,BTCUSDT,0.99663138,-0.02883961,1.00000000,-0.00000018,0.01941556,0.00000587,-0.00029008,0.00000000,0.00000051,0.50000000,81069.06000000,0
1778818208424310000,BTCUSDT,0.99663138,-0.02883961,1.00000000,-0.00000022,0.01941556,0.00000564,-0.00028985,0.00000000,0.00000051,0.50000000,81069.06000000,0
1778818208525017000,BTCUSDT,0.99663138,-0.02883961,1.00000000,-0.00000025,0.01941556,0.00000542,-0.00028966,0.00000000,0.00000051,0.50000000,81069.06000000,0
1778818208624526000,BTCUSDT,0.99663138,-0.02883961,1.00000000,-0.00000028,0.01941556,0.00000520,-0.00028949,0.00000000,0.00000051,0.50000000,81069.06000000,0
1778818208724383000,BTCUSDT,0.99663138,-0.02883961,1.00000000,-0.00000030,0.01941556,0.00000500,-0.00028934,0.00000000,0.00000051,0.50000000,81069.06000000,0
1778818208824111000,BTCUSDT,0.99663138,-0.02883961,1.00000000,-0.00000031,0.01941556,0.00000480,-0.00028922,0.00000000,0.00000051,0.50000000,81069.06000000,0
1778818208923941000,BTCUSDT,0.99663138,-0.02883961,1.00000000,-0.00000032,0.01941556,0.00000462,-0.00028911,0.00000000,0.00000051,0.50000000,81069.06000000,0
1778818209026362000,BTCUSDT,0.99663138,-0.02883961,1.00000000,-0.00000033,0.01941556,0.00000444,-0.00028901,0.00000000,0.00000051,0.50000000,81069.06000000,0
1778818209197447000,BTCUSDT,0.99663138,-0.02883961,1.00000000,-0.00000033,0.01941556,0.00000426,-0.00028893,0.00000000,0.00000051,0.50000000,81069.06000000,0
1778818209225167000,BTCUSDT,0.99663138,-0.02883961,1.00000000,-0.00000032,0.01941556,0.00000409,-0.00028886,0.00000000,0.00000051,0.50000000,81069.06000000,0
1778818209480190000,BTCUSDT,0.99663138,-0.02883961,1.00000000,-0.00000032,0.01941556,0.00000393,-0.00028880,0.00000000,0.00000051,0.50000000,81069.06000000,0
1778818209480384000,BTCUSDT,0.99663138,-0.02883961,1.00000000,-0.00000031,0.01941556,0.00000378,-0.00028874,0.00000000,0.00000051,0.50000000,81069.06000000,0
1778818209613774000,BTCUSDT,0.99663138,-0.02883961,1.00000000,-0.00000030,0.01941556,0.00000363,-0.00028870,0.00000000,0.00000051,0.50000000,81069.06000000,0
1778818209623830000,BTCUSDT,0.99663138,-0.02883961,1.00000000,-0.00000029,0.01941556,0.00000349,-0.00028866,0.00000000,0.00000051,0.50000000,81069.06000000,0
1778818209796795000,BTCUSDT,0.99663138,-0.02883961,1.00000000,-0.00000028,0.01941556,0.00000335,-0.00028862,0.00000000,0.00000051,0.50000000,81069.06000000,0
1778818209826261000,BTCUSDT,0.99663138,-0.02883961,1.00000000,-0.00000027,0.01941556,0.00000322,-0.00028859,0.00000000,0.00000051,0.50000000,81069.06000000,0
1778818209966809000,BTCUSDT,0.99663138,-0.02883961,1.00000000,-0.00000026,0.01941556,0.00000309,-0.00028857,0.00000000,0.00000051,0.50000000,81069.06000000,0
1778818210067167000,BTCUSDT,0.99663138,-0.02883961,1.00000000,-0.00000024,0.01941556,0.00000297,-0.00028854,0.00000000,0.00000051,0.50000000,81069.06000000,0
1778818210200869000,BTCUSDT,0.99663138,-0.02883961,1.00000000,-0.00000023,0.01941556,0.00000286,-0.00028852,0.00000000,0.00000051,0.50000000,81069.06000000,0
1778818210224070000,BTCUSDT,0.99663138,-0.02883961,1.00000000,-0.00000022,0.01941556,0.00000274,-0.00028851,0.00000000,0.00000051,0.50000000,81069.06000000,0
1778818210426681000,BTCUSDT,0.99663138,-0.02883961,1.00000000,-0.00000021,0.01941556,0.00000264,-0.00028849,0.00000000,0.00000051,0.50000000,81069.06000000,0
1778818210430719000,BTCUSDT,0.99663138,-0.02883961,1.00000000,-0.00000019,0.01941556,0.00000253,-0.00028848,0.00000000,0.00000051,0.50000000,81069.06000000,0
1778818210602995000,BTCUSDT,0.99663138,-0.02883961,1.00000000,-0.00000018,0.01941556,0.00000243,-0.00028847,0.00000000,0.00000051,0.50000000,81069.06000000,0
1778818210624275000,BTCUSDT,0.99663138,-0.02883961,1.00000000,-0.00000017,0.01941556,0.00000234,-0.00028846,0.00000000,0.00000051,0.50000000,81069.06000000,0
1778818210782892000,BTCUSDT,0.99663138,-0.02883961,1.00000000,-0.00000016,0.01941556,0.00000225,-0.00028845,0.00000000,0.00000051,0.50000000,81069.06000000,0
1778818210957314000,BTCUSDT,0.99663138,-0.02883961,1.00000000,-0.00000015,0.01941556,0.00000216,-0.00028844,0.00000000,0.00000051,0.50000000,81069.06000000,0
1778818210958609000,BTCUSDT,0.99663138,-0.02883961,1.00000000,-0.00000014,0.01941556,0.00000207,-0.00028844,0.00000000,0.00000051,0.50000000,81069.06000000,0
1778818211135654000,BTCUSDT,0.99663138,-0.02883961,1.00000000,-0.00000013,0.01941556,0.00000199,-0.00028843,0.00000000,0.00000051,0.50000000,81069.06000000,0
1778818211139121000,BTCUSDT,0.99663138,-0.02883961,1.00000000,-0.00000012,0.01941556,0.00000191,-0.00028843,0.00000000,0.00000051,0.50000000,81069.06000000,0
1778818211322084000,BTCUSDT,0.99663138,-0.02883961,1.00000000,-0.00000012,0.01941556,0.00000184,-0.00028842,0.00000000,0.00000051,0.50000000,81069.06000000,0
1778818211326851000,BTCUSDT,0.99663138,-0.02883961,1.00000000,-0.00000011,0.01941556,0.00000177,-0.00028842,0.00000000,0.00000051,0.50000000,81069.06000000,0
1778818211491406000,BTCUSDT,0.99663138,-0.02883961,1.00000000,-0.00000010,0.01941556,0.00000170,-0.00028842,0.00000000,0.00000051,0.50000000,81069.06000000,0
1778818211526086000,BTCUSDT,0.99663138,-0.02883961,1.00000000,-0.00000009,0.01941556,0.00000163,-0.00028841,0.00000000,0.00000051,0.50000000,81069.06000000,0
1778818211668928000,BTCUSDT,0.99663138,-0.02883961,1.00000000,-0.00000009,0.01941556,0.00000157,-0.00028841,0.00000000,0.00000051,0.50000000,81069.06000000,0
1778818211751993000,BTCUSDT,0.99663138,-0.02883961,1.00000000,-0.00000008,0.01941556,0.00000151,-0.00028841,0.00000000,0.00000051,0.50000000,81069.06000000,0
1778818211875609000,BTCUSDT,0.99663138,-0.02883961,1.00000000,-0.00000008,0.01941556,0.00000145,-0.00028841,0.00000000,0.00000051,0.50000000,81069.06000000,0
1778818212066648000,BTCUSDT,0.99663138,-0.02883961,1.00000000,-0.00000007,0.01941556,0.00000139,-0.00028841,0.00000000,0.00000051,0.50000000,81069.06000000,0
1778818212674558000,BTCUSDT,0.99663138,-0.02883961,1.00000000,-0.00000007,0.01941556,0.00000134,-0.00028840,0.00000000,0.00000051,0.50000000,81069.06000000,0
1778818212760995000,BTCUSDT,0.99663138,-0.02883961,1.00000000,-0.00000006,0.01941556,0.00000128,-0.00028840,0.00000000,0.00000051,0.50000000,81069.06000000,0
1778818212762105000,BTCUSDT,0.99663138,-0.02883961,1.00000000,-0.00000006,0.01941556,0.00000123,-0.00028840,0.00000000,0.00000051,0.50000000,81069.06000000,0
1778818212763160000,BTCUSDT,0.99663138,-0.02883961,1.00000000,-0.00000005,0.01941556,0.00000118,-0.00028840,0.00000000,0.00000051,0.50000000,81069.06000000,0
1778818212764707000,BTCUSDT,0.99663138,-0.02883961,1.00000000,-0.00000005,0.01941556,0.00000114,-0.00028840,0.00000000,0.00000051,0.50000000,81069.06000000,0
1778818212765028000,BTCUSDT,0.99663138,-0.02883961,1.00000000,-0.00000005,0.01941556,0.00000109,-0.00028840,0.00000000,0.00000051,0.50000000,81069.06000000,0
1778818212765455000,BTCUSDT,0.99663138,-0.02883961,1.00000000,-0.00000004,0.01941556,0.00000105,-0.00028840,0.00000000,0.00000051,0.50000000,81069.06000000,0
1778818212766264000,BTCUSDT,0.99663138,-0.02883961,1.00000000,-0.00000004,0.01941556,0.00000101,-0.00028840,0.00000000,0.00000051,0.50000000,81069.06000000,0
1778818212858803000,BTCUSDT,0.99663138,-0.02883961,1.00000000,-0.00000004,0.01941556,0.00000097,-0.00028840,0.00000000,0.00000051,0.50000000,81069.06000000,0
1778818212925733000,BTCUSDT,0.99663138,-0.02883961,1.00000000,-0.00000003,0.01941556,0.00000093,-0.00028840,0.00000000,0.00000051,0.50000000,81069.06000000,0
1778818213035342000,BTCUSDT,0.99663138,-0.02883961,1.00000000,-0.00000003,0.01941556,0.00000090,-0.00028840,0.00000000,0.00000051,0.50000000,81069.06000000,0
1778818213129166000,BTCUSDT,0.99663138,-0.02883961,1.00000000,-0.00000003,0.01941556,0.00000086,-0.00028840,0.00000000,0.00000051,0.50000000,81069.06000000,0
1778818213225680000,BTCUSDT,0.99663138,-0.02883961,1.00000000,-0.00000003,0.01941556,0.00000083,-0.00028840,0.00000000,0.00000051,0.50000000,81069.06000000,0
1778818213328740000,BTCUSDT,0.99663138,-0.02883961,1.00000000,-0.00000002,0.01941556,0.00000079,-0.00028840,0.00000000,0.00000051,0.50000000,81069.06000000,0
1778818213425209000,BTCUSDT,0.99663138,-0.02883961,1.00000000,-0.00000002,0.01941556,0.00000076,-0.00028840,0.00000000,0.00000051,0.50000000,81069.06000000,0
1778818213525812000,BTCUSDT,0.99663138,-0.02883961,1.00000000,-0.00000002,0.01941556,0.00000073,-0.00028840,0.00000000,0.00000051,0.50000000,81069.06000000,0
1778818213626555000,BTCUSDT,0.99663138,-0.02883961,1.00000000,-0.00000002,0.01941556,0.00000070,-0.00028840,0.00000000,0.00000051,0.50000000,81069.06000000,0
1778818213733866000,BTCUSDT,0.99663138,-0.02883961,1.00000000,-0.00000002,0.01941556,0.00000068,-0.00028840,0.00000000,0.00000051,0.50000000,81069.06000000,0
1778818213828590000,BTCUSDT,0.99663138,-0.02883961,1.00000000,-0.00000002,0.01941556,0.00000065,-0.00028840,0.00000000,0.00000051,0.50000000,81069.06000000,0
1778818213929304000,BTCUSDT,0.99663138,-0.02883961,1.00000000,-0.00000002,0.01941556,0.00000062,-0.00028840,0.00000000,0.00000051,0.50000000,81069.06000000,0
1778818214025137000,BTCUSDT,0.99663138,-0.02883961,1.00000000,-0.00000001,0.01941556,0.00000060,-0.00028840,0.00000000,0.00000051,0.50000000,81069.06000000,0
1778818214126439000,BTCUSDT,0.99663138,-0.02883961,1.00000000,-0.00000001,0.01941556,0.00000058,-0.00028840,0.00000000,0.00000051,0.50000000,81069.06000000,0
1778818214226052000,BTCUSDT,0.99663138,-0.02883961,1.00000000,-0.00000001,0.01941556,0.00000055,-0.00028840,0.00000000,0.00000051,0.50000000,81069.06000000,0
1778818214333244000,BTCUSDT,0.99663138,-0.02883961,1.00000000,-0.00000001,0.01941556,0.00000053,-0.00028840,0.00000000,0.00000051,0.50000000,81069.06000000,0
1778818214431641000,BTCUSDT,0.99663138,-0.02883961,1.00000000,-0.00000001,0.01941556,0.00000051,-0.00028840,0.00000000,0.00000051,0.50000000,81069.06000000,0
1778818214815959000,BTCUSDT,0.99663138,-0.02883961,1.00000000,-0.00000001,0.01941556,0.00000049,-0.00028840,0.00000000,0.00000051,0.50000000,81069.06000000,0
1778818214899214000,BTCUSDT,0.99663138,-0.02883961,1.00000000,-0.00000001,0.01941556,0.00000047,-0.00028840,0.00000000,0.00000051,0.50000000,81069.06000000,0
1778818214899308000,BTCUSDT,0.99663138,-0.02883961,1.00000000,-0.00000001,0.01941556,0.00000045,-0.00028840,0.00000000,0.00000051,0.50000000,81069.06000000,0
1778818214899359000,BTCUSDT,0.99663138,-0.02883961,1.00000000,-0.00000001,0.01941556,0.00000044,-0.00028840,0.00000000,0.00000051,0.50000000,81069.06000000,0
1778818214978766000,BTCUSDT,0.99663138,-0.02883961,1.00000000,-0.00000001,0.01941556,0.00000042,-0.00028840,0.00000000,0.00000051,0.50000000,81069.06000000,0
1778818215024205000,BTCUSDT,0.99663138,-0.02883961,1.00000000,-0.00000001,0.01941556,0.00000040,-0.00028840,0.00000000,0.00000051,0.50000000,81069.06000000,0
1778818215126063000,BTCUSDT,0.99663138,-0.02883961,1.00000000,-0.00000001,0.01941556,0.00000039,-0.00028840,0.00000000,0.00000051,0.50000000,81069.06000000,0
1778818215230698000,BTCUSDT,0.99663138,-0.02883961,1.00000000,-0.00000001,0.01941556,0.00000037,-0.00028840,0.00000000,0.00000051,0.50000000,81069.06000000,0
1778818215324294000,BTCUSDT,0.99663138,-0.02883961,1.00000000,-0.00000001,0.01941556,0.00000036,-0.00028840,0.00000000,0.00000051,0.50000000,81069.06000000,0
1778818215424841000,BTCUSDT,0.99663138,-0.02883961,1.00000000,-0.00000001,0.01941556,0.00000034,-0.00028840,0.00000000,0.00000051,0.50000000,81069.06000000,0
1778818215525354000,BTCUSDT,0.99663138,-0.02883961,1.00000000,-0.00000000,0.01941556,0.00000033,-0.00028840,0.00000000,0.00000051,0.50000000,81069.06000000,0
1778818215626383000,BTCUSDT,0.99663138,-0.02883961,1.00000000,-0.00000000,0.01941556,0.00000032,-0.00028840,0.00000000,0.00000051,0.50000000,81069.06000000,0
1778818215724728000,BTCUSDT,0.99663138,-0.02883961,1.00000000,-0.00000000,0.01941556,0.00000030,-0.00028840,0.00000000,0.00000051,0.50000000,81069.06000000,0
1778818215824796000,BTCUSDT,0.99663138,-0.02883961,1.00000000,-0.00000000,0.01941556,0.00000029,-0.00028840,0.00000000,0.00000051,0.50000000,81069.06000000,0
1778818215924033000,BTCUSDT,0.99663138,-0.02883961,1.00000000,-0.00000000,0.01941556,0.00000028,-0.00028840,0.00000000,0.00000051,0.50000000,81069.06000000,0
1778818216024742000,BTCUSDT,0.99663138,-0.02883961,1.00000000,-0.00000000,0.01941556,0.00000027,-0.00028840,0.00000000,0.00000051,0.50000000,81069.06000000,0
1778818216125245000,BTCUSDT,0.99663138,-0.02883961,1.00000000,-0.00000000,0.01941556,0.00000026,-0.00028840,0.00000000,0.00000051,0.50000000,81069.06000000,0
1778818216225246000,BTCUSDT,0.99663138,-0.02883961,1.00000000,-0.00000000,0.01941556,0.00000025,-0.00028840,0.00000000,0.00000051,0.50000000,81069.06000000,0
1778818216324764000,BTCUSDT,0.99663138,-0.02883961,1.00000000,-0.00000000,0.01941556,0.00000024,-0.00028840,0.00000000,0.00000051,0.50000000,81069.06000000,0
1778818216425219000,BTCUSDT,0.99663138,-0.02883961,1.00000000,-0.00000000,0.01941556,0.00000023,-0.00028840,0.00000000,0.00000051,0.50000000,81069.06000000,0
1778818216525165000,BTCUSDT,0.99663138,-0.02883961,1.00000000,-0.00000000,0.01941556,0.00000022,-0.00028840,0.00000000,0.00000051,0.50000000,81069.06000000,0
1778818216624627000,BTCUSDT,0.99663138,-0.02883961,1.00000000,-0.00000000,0.01941556,0.00000021,-0.00028840,0.00000000,0.00000051,0.50000000,81069.06000000,0
1778818216725457000,BTCUSDT,0.99663138,-0.02883961,1.00000000,-0.00000000,0.01941556,0.00000020,-0.00028840,0.00000000,0.00000051,0.50000000,81069.06000000,0
1778818216825101000,BTCUSDT,0.99663138,-0.02883961,1.00000000,-0.00000000,0.01941556,0.00000020,-0.00028840,0.00000000,0.00000051,0.50000000,81069.06000000,0
1778818216924500000,BTCUSDT,0.99663138,-0.02883961,1.00000000,-0.00000000,0.01941556,0.00000019,-0.00028840,0.00000000,0.00000051,0.50000000,81069.06000000,0
1778818217023958000,BTCUSDT,0.99663138,-0.02883961,1.00000000,-0.00000000,0.01941556,0.00000018,-0.00028840,0.00000000,0.00000051,0.50000000,81069.06000000,0
1778818217123526000,BTCUSDT,0.99663138,-0.02883961,1.00000000,-0.00000000,0.01941556,0.00000017,-0.00028840,0.00000000,0.00000051,0.50000000,81069.06000000,0
1778818217224521000,BTCUSDT,0.99663138,-0.02883961,1.00000000,-0.00000000,0.01941556,0.00000017,-0.00028840,0.00000000,0.00000051,0.50000000,81069.06000000,0
1778818217325587000,BTCUSDT,0.99663138,-0.02883961,1.00000000,-0.00000000,0.01941556,0.00000016,-0.00028840,0.00000000,0.00000051,0.50000000,81069.06000000,0
1778818217424312000,BTCUSDT,0.99663138,-0.02883961,1.00000000,-0.00000000,0.01941556,0.00000015,-0.00028840,0.00000000,0.00000051,0.50000000,81069.06000000,0
1778818217524593000,BTCUSDT,0.99663138,-0.02883961,1.00000000,-0.00000000,0.01941556,0.00000015,-0.00028840,0.00000000,0.00000051,0.50000000,81069.06000000,0
1778818217624460000,BTCUSDT,0.99663138,-0.02883961,1.00000000,-0.00000000,0.01941556,0.00000014,-0.00028840,0.00000000,0.00000051,0.50000000,81069.06000000,0
1778818217724358000,BTCUSDT,0.99663138,-0.02883961,1.00000000,-0.00000000,0.01941556,0.00000014,-0.00028840,0.00000000,0.00000051,0.50000000,81069.06000000,0
1778818217825013000,BTCUSDT,0.99663138,-0.02883961,1.00000000,-0.00000000,0.01941556,0.00000013,-0.00028840,0.00000000,0.00000051,0.50000000,81069.06000000,0
1778818217924741000,BTCUSDT,0.99663138,-0.02883961,1.00000000,-0.00000000,0.01941556,0.00000013,-0.00028840,0.00000000,0.00000051,0.50000000,81069.06000000,0
1778818218024833000,BTCUSDT,0.99663138,-0.02883961,1.00000000,-0.00000000,0.01941556,0.00000012,-0.00028840,0.00000000,0.00000051,0.50000000,81069.06000000,0
1778818218124758000,BTCUSDT,0.99663138,-0.02883961,1.00000000,-0.00000000,0.01941556,0.00000012,-0.00028840,0.00000000,0.00000051,0.50000000,81069.06000000,0
1778818218226956000,BTCUSDT,0.99663138,-0.02883961,1.00000000,-0.00000000,0.01941556,0.00000011,-0.00028840,0.00000000,0.00000051,0.50000000,81069.06000000,0
1778818218324395000,BTCUSDT,0.99663138,-0.02883961,1.00000000,-0.00000000,0.01941556,0.00000011,-0.00028840,0.00000000,0.00000051,0.50000000,81069.06000000,0
1778818218424687000,BTCUSDT,0.99663138,-0.02883961,1.00000000,-0.00000000,0.01941556,0.00000010,-0.00028840,0.00000000,0.00000051,0.50000000,81069.06000000,0
1778818218523940000,BTCUSDT,0.99663138,-0.02883961,1.00000000,-0.00000000,0.01941556,0.00000010,-0.00028840,0.00000000,0.00000051,0.50000000,81069.06000000,0
1778818218625315000,BTCUSDT,0.99663138,-0.02883961,1.00000000,-0.00000000,0.01941556,0.00000010,-0.00028840,0.00000000,0.00000051,0.50000000,81069.06000000,0
1778818218724665000,BTCUSDT,0.99663138,-0.02883961,1.00000000,-0.00000000,0.01941556,0.00000009,-0.00028840,0.00000000,0.00000051,0.50000000,81069.06000000,0
1778818218825264000,BTCUSDT,0.99663138,-0.02883961,1.00000000,-0.00000000,0.01941556,0.00000009,-0.00028840,0.00000000,0.00000051,0.50000000,81069.06000000,0
1778818218926624000,BTCUSDT,0.99663138,-0.02883961,1.00000000,-0.00000000,0.01941556,0.00000008,-0.00028840,0.00000000,0.00000051,0.50000000,81069.06000000,0
